{
  "best_metric": 0.02232557348906994,
  "best_model_checkpoint": "/var/projetos/Jupyterhubstorage/victor.silva/HelBERTModel/Modelos/Indicios/CrossValidation/Chunks/HelBERT-uncased-fs-6_fold_4/checkpoint-1817",
  "epoch": 4.998624484181568,
  "eval_steps": 500,
  "global_step": 1817,
  "is_hyper_param_search": false,
  "is_local_process_zero": true,
  "is_world_process_zero": true,
  "log_history": [
    {
      "epoch": 1.0,
      "eval_accuracy": 0.4423076923076923,
      "eval_cf_report": {
        "0": {
          "f1-score": 0.0,
          "precision": 0.0,
          "recall": 0.0,
          "support": 24.0
        },
        "1": {
          "f1-score": 0.32,
          "precision": 1.0,
          "recall": 0.19047619047619047,
          "support": 21.0
        },
        "2": {
          "f1-score": 0.8034557235421167,
          "precision": 0.7782426778242678,
          "recall": 0.8303571428571429,
          "support": 224.0
        },
        "3": {
          "f1-score": 0.0,
          "precision": 0.0,
          "recall": 0.0,
          "support": 8.0
        },
        "4": {
          "f1-score": 0.3291139240506329,
          "precision": 1.0,
          "recall": 0.19696969696969696,
          "support": 66.0
        },
        "5": {
          "f1-score": 0.06557377049180328,
          "precision": 0.5,
          "recall": 0.03508771929824561,
          "support": 57.0
        },
        "6": {
          "f1-score": 0.0,
          "precision": 0.0,
          "recall": 0.0,
          "support": 9.0
        },
        "macro avg": {
          "f1-score": 0.21687763115493613,
          "precision": 0.46832038254632397,
          "recall": 0.17898439280018227,
          "support": 409.0
        },
        "micro avg": {
          "f1-score": 0.6128550074738416,
          "precision": 0.7884615384615384,
          "recall": 0.5012224938875306,
          "support": 409.0
        },
        "samples avg": {
          "f1-score": 0.4468864468864468,
          "precision": 0.5215201465201466,
          "recall": 0.41529304029304026,
          "support": 409.0
        },
        "weighted avg": {
          "f1-score": 0.5187122395569895,
          "precision": 0.7086219066812616,
          "recall": 0.5012224938875306,
          "support": 409.0
        }
      },
      "eval_hammingLoss": 0.10164835164835165,
      "eval_loss": 0.06587350368499756,
      "eval_runtime": 10.9514,
      "eval_samples_per_second": 33.238,
      "eval_steps_per_second": 33.238,
      "step": 363
    },
    {
      "epoch": 1.38,
      "grad_norm": 1.1336630582809448,
      "learning_rate": 9.54178145087236e-06,
      "loss": 0.0698,
      "step": 500
    },
    {
      "epoch": 2.0,
      "eval_accuracy": 0.7445054945054945,
      "eval_cf_report": {
        "0": {
          "f1-score": 0.15384615384615385,
          "precision": 1.0,
          "recall": 0.08333333333333333,
          "support": 24.0
        },
        "1": {
          "f1-score": 0.8947368421052632,
          "precision": 1.0,
          "recall": 0.8095238095238095,
          "support": 21.0
        },
        "2": {
          "f1-score": 0.9057377049180327,
          "precision": 0.8371212121212122,
          "recall": 0.9866071428571429,
          "support": 224.0
        },
        "3": {
          "f1-score": 0.0,
          "precision": 0.0,
          "recall": 0.0,
          "support": 8.0
        },
        "4": {
          "f1-score": 0.9692307692307692,
          "precision": 0.984375,
          "recall": 0.9545454545454546,
          "support": 66.0
        },
        "5": {
          "f1-score": 0.8166666666666668,
          "precision": 0.7777777777777778,
          "recall": 0.8596491228070176,
          "support": 57.0
        },
        "6": {
          "f1-score": 0.0,
          "precision": 0.0,
          "recall": 0.0,
          "support": 9.0
        },
        "macro avg": {
          "f1-score": 0.5343168766809837,
          "precision": 0.6570391414141413,
          "recall": 0.5276655518666797,
          "support": 409.0
        },
        "micro avg": {
          "f1-score": 0.8595848595848596,
          "precision": 0.8585365853658536,
          "recall": 0.8606356968215159,
          "support": 409.0
        },
        "samples avg": {
          "f1-score": 0.6958791208791208,
          "precision": 0.7101648351648352,
          "recall": 0.7115384615384616,
          "support": 409.0
        },
        "weighted avg": {
          "f1-score": 0.8212377947368908,
          "precision": 0.8357389605097428,
          "recall": 0.8606356968215159,
          "support": 409.0
        }
      },
      "eval_hammingLoss": 0.045133437990580845,
      "eval_loss": 0.031155340373516083,
      "eval_runtime": 10.9997,
      "eval_samples_per_second": 33.092,
      "eval_steps_per_second": 33.092,
      "step": 727
    },
    {
      "epoch": 2.75,
      "grad_norm": 2.1142561435699463,
      "learning_rate": 9.082644628099175e-06,
      "loss": 0.0348,
      "step": 1000
    },
    {
      "epoch": 3.0,
      "eval_accuracy": 0.8104395604395604,
      "eval_cf_report": {
        "0": {
          "f1-score": 0.0,
          "precision": 0.0,
          "recall": 0.0,
          "support": 24.0
        },
        "1": {
          "f1-score": 0.8947368421052632,
          "precision": 1.0,
          "recall": 0.8095238095238095,
          "support": 21.0
        },
        "2": {
          "f1-score": 0.9379014989293362,
          "precision": 0.9012345679012346,
          "recall": 0.9776785714285714,
          "support": 224.0
        },
        "3": {
          "f1-score": 0.0,
          "precision": 0.0,
          "recall": 0.0,
          "support": 8.0
        },
        "4": {
          "f1-score": 0.9848484848484849,
          "precision": 0.9848484848484849,
          "recall": 0.9848484848484849,
          "support": 66.0
        },
        "5": {
          "f1-score": 0.8305084745762712,
          "precision": 0.8032786885245902,
          "recall": 0.8596491228070176,
          "support": 57.0
        },
        "6": {
          "f1-score": 0.5,
          "precision": 1.0,
          "recall": 0.3333333333333333,
          "support": 9.0
        },
        "macro avg": {
          "f1-score": 0.5925707572084793,
          "precision": 0.6699088201820442,
          "recall": 0.5664333317058882,
          "support": 409.0
        },
        "micro avg": {
          "f1-score": 0.88360450563204,
          "precision": 0.9051282051282051,
          "recall": 0.863080684596577,
          "support": 409.0
        },
        "samples avg": {
          "f1-score": 0.7125457875457876,
          "precision": 0.7330586080586081,
          "recall": 0.7142857142857143,
          "support": 409.0
        },
        "weighted avg": {
          "f1-score": 0.8452772432646193,
          "precision": 0.83780789353491,
          "recall": 0.863080684596577,
          "support": 409.0
        }
      },
      "eval_hammingLoss": 0.036499215070643645,
      "eval_loss": 0.027437029406428337,
      "eval_runtime": 10.9797,
      "eval_samples_per_second": 33.152,
      "eval_steps_per_second": 33.152,
      "step": 1090
    },
    {
      "epoch": 4.0,
      "eval_accuracy": 0.8461538461538461,
      "eval_cf_report": {
        "0": {
          "f1-score": 0.45161290322580644,
          "precision": 1.0,
          "recall": 0.2916666666666667,
          "support": 24.0
        },
        "1": {
          "f1-score": 0.8947368421052632,
          "precision": 1.0,
          "recall": 0.8095238095238095,
          "support": 21.0
        },
        "2": {
          "f1-score": 0.9525959367945824,
          "precision": 0.9634703196347032,
          "recall": 0.9419642857142857,
          "support": 224.0
        },
        "3": {
          "f1-score": 0.0,
          "precision": 0.0,
          "recall": 0.0,
          "support": 8.0
        },
        "4": {
          "f1-score": 0.9848484848484849,