{
    "model_name": "HelBERT-base-uncased-scratch-20",
    "train_loss": 0.003970083426866529,
    "train_loss_curve": [
        [
            0.07813024031485,
            0.05940025781110182,
            0.03652303662274539,
            0.02726163915235754,
            0.02691585699055323,
            0.0156538725780789,
            0.009403893999961645,
            0.005799318986901532,
            0.0041336494189610435,
            0.0025482139981576487,
            0.0023859855234088876
        ],
        [
            0.08046167031313586,
            0.06722360402845852,
            0.052282934231614724,
            0.03714501382915669,
            0.021131279705353,
            0.015161181306203458,
            0.009848744369267531,
            0.006480550612514119,
            0.003745723185759546,
            0.0033943949081332143,
            0.003512774536857779,
            0.0019885009205525654
        ],
        [
            0.07816081108775123,
            0.07019223778402238,
            0.05721323814283454,
            0.037944340444186125,
            0.025650900770318046,
            0.017603597401223227,
            0.010860420800786731,
            0.007255062067259763,
            0.00474549894321384,
            0.0037036027455885586,
            0.002973041834180574,
            0.0025921486602558494,
            0.001366767905620094
        ],
        [
            0.07846985731666624,
            0.07344652711188975,
            0.0545127526391053,
            0.034361924224035466,
            0.02279856362889749,
            0.01700492136719811,
            0.030326498713442788,
            0.07908180932974672,
            0.08107807622563287
        ],
        [
            0.0780064710351867,
            0.06494382076627345,
            0.0414375421490985,
            0.02868258832781604,
            0.02052824510625948,
            0.011968486669266221,
            0.007336932752822472,
            0.004295987535230082,
            0.002862425304730777,
            0.002755659170317001,
            0.006029972772987963,
            0.0018410695489571554,
            0.000739011120600078
        ]
    ],
    "val_loss": 0.02193154831284936,
    "val_loss_curve": [
        [
            0.07604562061830261,
            0.05503916294514757,
            0.051063330990898874,
            0.06461262885308099,
            0.044274856490300205,
            0.03239604310635517,
            0.03345580600459167,
            0.030734478309332246,
            0.03406471570744838,
            0.03469406953657502,
            0.037582879035442225
        ],
        [
            0.06908323787431028,
            0.054690180132350115,
            0.0446660276164305,
            0.03168348160486458,
            0.025002520137271993,
            0.022705640070476298,
            0.019852231298833296,
            0.01894774604070557,
            0.01869605413167658,
            0.024377669474560895,
            0.01973081581372864,
            0.0218149568935526
        ],
        [
            0.07669618943939698,
            0.07176766413212711,
            0.058074163495839236,
            0.04869288179648909,
            0.04781456795332039,
            0.03595535901397098,
            0.025804655539438476,
            0.021438176490273717,
            0.018987438624483505,
            0.01790440094292265,
            0.020974749773977626,
            0.02303147110913815,
            0.025212382340117044
        ],
        [
            0.07437071552363421,
            0.06167607708116395,
            0.04718162559150128,
            0.02728772067570979,
            0.02654206899493336,
            0.021025131992994495,
            0.07481388307498897,
            0.078604037831638,
            0.08092114062601913
        ],
        [
            0.06788838619155531,
            0.051467800553851056,
            0.03764767874585321,
            0.05221778855112414,
            0.03774132455097222,
            0.021069289791436557,
            0.018603625398698108,
            0.01795860695647457,
            0.01757404406891193,
            0.01732895977791789,
            0.02310993859770029,
            0.02016984625947145,
            0.020198896454062115
        ]
    ],
    "cf_report": {
        "0": {
            "precision": 0.8694444444444442,
            "recall": 0.9011111111111111,
            "f1-score": 0.8838383838383838,
            "support": 18.4
        },
        "1": {
            "precision": 0.9207729468599034,
            "recall": 0.99,
            "f1-score": 0.9538870431893688,
            "support": 17.6
        },
        "2": {
            "precision": 0.953556823213774,
            "recall": 0.9766181410974244,
            "f1-score": 0.9648867324835176,
            "support": 188.4
        },
        "3": {
            "precision": 0.5333333333333333,
            "recall": 0.48888888888888893,
            "f1-score": 0.5066666666666666,
            "support": 5.0
        },
        "4": {
            "precision": 0.9903225806451612,
            "recall": 1.0,
            "f1-score": 0.9950413223140495,
            "support": 58.2
        },
        "5": {
            "precision": 0.9475409836065574,
            "recall": 0.9877551020408163,
            "f1-score": 0.9665655664585191,
            "support": 55.4
        },
        "6": {
            "precision": 0.4666666666666666,
            "recall": 0.52,
            "f1-score": 0.4095238095238095,
            "support": 6.0
        },
        "micro avg": {
            "precision": 0.9339113532706846,
            "recall": 0.9634352876597324,
            "f1-score": 0.9484356398297926,
            "support": 349.0
        },
        "macro avg": {
            "precision": 0.811662539824263,
            "recall": 0.8377676061626058,
            "f1-score": 0.8114870749249021,
            "support": 349.0
        },
        "weighted avg": {
            "precision": 0.9396972481611765,
            "recall": 0.9634352876597324,
            "f1-score": 0.9490612555317011,
            "support": 349.0
        },
        "samples avg": {
            "precision": 0.7313455657492354,
            "recall": 0.7442567315581411,
            "f1-score": 0.7312008652196613,
            "support": 349.0
        }
    },
    "hloss": 0.01595328666261761,
    "training_time_epoch": [
        343.06539845466614,
        340.25870258157903,
        342.24264313777286,
        348.9800805747509,
        335.7323876619339
    ],
    "mean_training_time_epoch": 342.0558424821405,