{
    "model_name": "HelBERT-base-uncased-scratch-30",
    "train_loss": 0.0011620681197473015,
    "train_loss_curve": [
        [
            0.07927513939120029,
            0.05913056230287774,
            0.037523030137778045,
            0.02278817657974623,
            0.014729473033306649,
            0.010787703951565123,
            0.006866149448579459,
            0.0047125631796415815,
            0.0024026731963378324,
            0.0010909339338154916
        ],
        [
            0.07888434289218374,
            0.05931470986556786,
            0.03224567163309128,
            0.017097183688958843,
            0.010000510937459066,
            0.006107076577735677,
            0.004994071771861938,
            0.004833944548975604,
            0.003798813203798716,
            0.0024798339324834493,
            0.0011506645734534297,
            0.0008519168505996688,
            0.0007438446608215396
        ],
        [
            0.0794817982065421,
            0.06315445202689851,
            0.037596130025631946,
            0.050489201627064204,
            0.017534387588316304,
            0.01063500095093843,
            0.006390850077430533,
            0.005280248113574191,
            0.0035989101626567733
        ],
        [
            0.07991556745578199,
            0.06568777497110403,
            0.04400403702046315,
            0.02709246033080836,
            0.018058169954059296,
            0.012352741561953373,
            0.007556454885932191,
            0.004793550617178471,
            0.0036009948946106323,
            0.004481464686095085,
            0.003971189177101787
        ],
        [
            0.07885813674796302,
            0.06273526616688982,
            0.04298269977726441,
            0.03301467514319226,
            0.01777650444077948,
            0.013761438221365508,
            0.010906906558089081,
            0.017909625702740267,
            0.008479338461880634
        ]
    ],
    "val_loss": 0.02377458263089172,
    "val_loss_curve": [
        [
            0.07519741765642111,
            0.0597820572618435,
            0.05876191944374834,
            0.05023647369784858,
            0.05639281996228289,
            0.040895345068188656,
            0.0356066032423652,
            0.038758465258432885,
            0.04155339255139663,
            0.0430498864689168
        ],
        [
            0.0679792569454748,
            0.03843179490667819,
            0.02644717659752975,
            0.022709581788570552,
            0.021686276471017465,
            0.015022976206665123,
            0.014949742600570394,
            0.01591898589448669,
            0.01942366646958695,
            0.014636012309059735,
            0.01875337776572667,
            0.01932988015076549,
            0.018368313169881873
        ],
        [
            0.07494774153128562,
            0.05349389415708533,
            0.037040191663739584,
            0.02679015912436161,
            0.023673089855374228,
            0.01633283997103573,
            0.019929555765353053,
            0.01786561386110329,
            0.02179430523264014
        ],
        [
            0.07499679816752923,
            0.0541085704893375,
            0.03953438966509399,
            0.04082934198024738,
            0.030406641344887287,
            0.01797872773729961,
            0.01978554539071839,
            0.01785903477631646,
            0.02209115355188104,
            0.02474537791014092,
            0.02498854243683213
        ],
        [
            0.06913530327584766,
            0.06626601715604931,
            0.0436922583249483,
            0.03189595287695274,
            0.021123017765311395,
            0.01809750950717868,
            0.031736972406065087,
            0.022068007823023487,
            0.022956395474455136
        ]
    ],
    "cf_report": {
        "0": {
            "precision": 0.9225806451612903,
            "recall": 0.9455555555555556,
            "f1-score": 0.9261624649859945,
            "support": 18.4
        },
        "1": {
            "precision": 0.946031746031746,
            "recall": 1.0,
            "f1-score": 0.9722648083623694,
            "support": 17.6
        },
        "2": {
            "precision": 0.945643898585075,
            "recall": 0.9776707726763718,
            "f1-score": 0.9605994307731031,
            "support": 188.4
        },
        "3": {
            "precision": 0.5999999999999999,
            "recall": 0.4444444444444445,
            "f1-score": 0.5104761904761906,
            "support": 5.0
        },
        "4": {
            "precision": 0.9966101694915255,
            "recall": 0.9966101694915255,
            "f1-score": 0.9966101694915255,
            "support": 58.2
        },
        "5": {
            "precision": 0.9593220338983052,
            "recall": 0.9818832796276405,
            "f1-score": 0.9703519374333451,
            "support": 55.4
        },
        "6": {
            "precision": 0.4666666666666666,
            "recall": 0.4,
            "f1-score": 0.40519480519480516,
            "support": 6.0
        },
        "micro avg": {
            "precision": 0.9400732600732601,
            "recall": 0.9628104844243172,
            "f1-score": 0.9510716226935478,
            "support": 349.0
        },
        "macro avg": {
            "precision": 0.8338364514049441,
            "recall": 0.8208806031136484,
            "f1-score": 0.8202371152453333,
            "support": 349.0
        },
        "weighted avg": {
            "precision": 0.9424172520974559,
            "recall": 0.9628104844243172,
            "f1-score": 0.9506112720548622,
            "support": 349.0
        },
        "samples avg": {
            "precision": 0.7342805996867308,
            "recall": 0.7440565873548642,
            "f1-score": 0.7334521767236022,
            "support": 349.0
        }
    },
    "hloss": 0.015261750258393802,
    "training_time_epoch": [
        340.95690841144983,
        335.3416028022766,
        348.40049409866333,
        337.58001391887666,
        349.70442125201225
    ],
    "mean_training_time_epoch": 342.39668809665574,
    "f1_curve": [
        [
            0.5907046476761619,
            0.737134909596662,
            0.8124191461836998,
            0.8556291390728477,
            0.8483290488431876,
            0.8865153538050735,
            0.9037433155080213,
            0.903485254691689,
            0.9103078982597055,
            0.9193548387096775
        ],
        [
            0.6276923076923078,
            0.8213256484149856,
            0.8817518248175182,
            0.9019607843137255,
            0.9205479452054794,
            0.9410112359550562,
            0.9553956834532373,
            0.9453015427769985,
            0.9475177304964539,
            0.9508670520231213,
            0.9533239038189533,
            0.9612625538020085,
            0.9515669515669515
        ],
        [
            0.6077844311377246,
            0.7291361639824304,
            0.8511749347258486,
            0.8994708994708995,
            0.9083769633507853,
            0.9448183041722746,
            0.9361147327249021,
            0.9434954007884363,
            0.9284785435630688
        ],
        [
            0.6207951070336392,
            0.7275405007363771,
            0.8322496749024708,
            0.8385416666666667,
            0.8802083333333333,
            0.9400798934753662,
            0.9372496662216288,
            0.9454061251664447,
            0.9365721997300944,
            0.9276139410187667,
            0.9281767955801106
        ],
        [
            0.6282245827010623,
            0.6695402298850575,
            0.8414322250639386,
            0.8823529411764706,
            0.927694406548431,
            0.9340511440107673,
            0.8846153846153847,
            0.9324324324324323,
            0.9272237196765498
        ]
    ],