{
  "best_metric": 0.033096253871917725,
  "best_model_checkpoint": "/var/projetos/Jupyterhubstorage/victor.silva/HelBERTModel/Modelos/Indicios/CrossValidation/Chunks/BERTimbau_fold_3/checkpoint-2546",
  "epoch": 6.999312714776632,
  "eval_steps": 500,
  "global_step": 2546,
  "is_hyper_param_search": false,
  "is_local_process_zero": true,
  "is_world_process_zero": true,
  "log_history": [
    {
      "epoch": 1.0,
      "eval_accuracy": 0.4462809917355372,
      "eval_cf_report": {
        "0": {
          "f1-score": 0.0,
          "precision": 0.0,
          "recall": 0.0,
          "support": 25.0
        },
        "1": {
          "f1-score": 0.4137931034482759,
          "precision": 0.75,
          "recall": 0.2857142857142857,
          "support": 21.0
        },
        "2": {
          "f1-score": 0.8051391862955032,
          "precision": 0.7736625514403292,
          "recall": 0.8392857142857143,
          "support": 224.0
        },
        "3": {
          "f1-score": 0.0,
          "precision": 0.0,
          "recall": 0.0,
          "support": 8.0
        },
        "4": {
          "f1-score": 0.16666666666666669,
          "precision": 1.0,
          "recall": 0.09090909090909091,
          "support": 66.0
        },
        "5": {
          "f1-score": 0.3287671232876712,
          "precision": 0.75,
          "recall": 0.21052631578947367,
          "support": 57.0
        },
        "6": {
          "f1-score": 0.0,
          "precision": 0.0,
          "recall": 0.0,
          "support": 10.0
        },
        "macro avg": {
          "f1-score": 0.24490943995687386,
          "precision": 0.4676660787771899,
          "recall": 0.2037764866712235,
          "support": 411.0
        },
        "micro avg": {
          "f1-score": 0.6198830409356725,
          "precision": 0.7765567765567766,
          "recall": 0.5158150851581509,
          "support": 411.0
        },
        "samples avg": {
          "f1-score": 0.45693296602387506,
          "precision": 0.5280073461891643,
          "recall": 0.4331955922865014,
          "support": 411.0
        },
        "weighted avg": {
          "f1-score": 0.5323127954501308,
          "precision": 0.7245752105173571,
          "recall": 0.5158150851581509,
          "support": 411.0
        }
      },
      "eval_hammingLoss": 0.10232192050373869,
      "eval_loss": 0.06974923610687256,
      "eval_runtime": 12.372,
      "eval_samples_per_second": 29.34,
      "eval_steps_per_second": 29.34,
      "step": 363
    },
    {
      "epoch": 1.37,
      "grad_norm": 0.9323017001152039,
      "learning_rate": 9.540863177226815e-06,
      "loss": 0.0716,
      "step": 500
    },
    {
      "epoch": 2.0,
      "eval_accuracy": 0.5867768595041323,
      "eval_cf_report": {
        "0": {
          "f1-score": 0.0,
          "precision": 0.0,
          "recall": 0.0,
          "support": 25.0
        },
        "1": {
          "f1-score": 0.5333333333333333,
          "precision": 0.8888888888888888,
          "recall": 0.38095238095238093,
          "support": 21.0
        },
        "2": {
          "f1-score": 0.839924670433145,
          "precision": 0.7263843648208469,
          "recall": 0.9955357142857143,
          "support": 224.0
        },
        "3": {
          "f1-score": 0.0,
          "precision": 0.0,
          "recall": 0.0,
          "support": 8.0
        },
        "4": {
          "f1-score": 0.5434782608695652,
          "precision": 0.9615384615384616,
          "recall": 0.3787878787878788,
          "support": 66.0
        },
        "5": {
          "f1-score": 0.8148148148148149,
          "precision": 0.8627450980392157,
          "recall": 0.7719298245614035,
          "support": 57.0
        },
        "6": {
          "f1-score": 0.0,
          "precision": 0.0,
          "recall": 0.0,
          "support": 10.0
        },
        "macro avg": {
          "f1-score": 0.39022158277869406,
          "precision": 0.491365259041059,
          "recall": 0.36102939979819687,
          "support": 411.0
        },
        "micro avg": {
          "f1-score": 0.746268656716418,
          "precision": 0.7633587786259542,
          "recall": 0.7299270072992701,
          "support": 411.0
        },
        "samples avg": {
          "f1-score": 0.6042240587695132,
          "precision": 0.6524334251606978,
          "recall": 0.5952708907254362,
          "support": 411.0
        },
        "weighted avg": {
          "f1-score": 0.685297167491144,
          "precision": 0.7153644122537959,
          "recall": 0.7299270072992701,
          "support": 411.0
        }
      },
      "eval_hammingLoss": 0.08028335301062574,
      "eval_loss": 0.053819335997104645,
      "eval_runtime": 12.4587,
      "eval_samples_per_second": 29.136,
      "eval_steps_per_second": 29.136,
      "step": 727
    },
    {
      "epoch": 2.75,
      "grad_norm": 0.9646998643875122,
      "learning_rate": 9.081726354453628e-06,
      "loss": 0.0439,
      "step": 1000
    },
    {
      "epoch": 3.0,
      "eval_accuracy": 0.71900826446281,
      "eval_cf_report": {
        "0": {
          "f1-score": 0.26666666666666666,
          "precision": 0.8,
          "recall": 0.16,
          "support": 25.0
        },
        "1": {
          "f1-score": 0.5333333333333333,
          "precision": 0.8888888888888888,
          "recall": 0.38095238095238093,
          "support": 21.0
        },
        "2": {
          "f1-score": 0.8878281622911695,
          "precision": 0.9538461538461539,
          "recall": 0.8303571428571429,
          "support": 224.0
        },
        "3": {
          "f1-score": 0.0,
          "precision": 0.0,
          "recall": 0.0,
          "support": 8.0
        },
        "4": {
          "f1-score": 0.8620689655172413,
          "precision": 1.0,
          "recall": 0.7575757575757576,
          "support": 66.0
        },
        "5": {
          "f1-score": 0.8376068376068376,
          "precision": 0.8166666666666667,
          "recall": 0.8596491228070176,
          "support": 57.0
        },
        "6": {
          "f1-score": 0.33333333333333337,
          "precision": 1.0,
          "recall": 0.2,
          "support": 10.0
        },
        "macro avg": {
          "f1-score": 0.5315481855355116,
          "precision": 0.7799145299145299,
          "recall": 0.4555049148846142,
          "support": 411.0
        },
        "micro avg": {
          "f1-score": 0.8169398907103825,
          "precision": 0.9314641744548287,
          "recall": 0.7274939172749392,
          "support": 411.0
        },
        "samples avg": {
          "f1-score": 0.6191000918273645,
          "precision": 0.6662075298438934,
          "recall": 0.6007805325987144,
          "support": 411.0
        },
        "weighted avg": {
          "f1-score": 0.7900575421434296,
          "precision": 0.9121124212365088,
          "recall": 0.7274939172749392,
          "support": 411.0
        }
      },
      "eval_hammingLoss": 0.05273514364423455,
      "eval_loss": 0.0402800589799881,
      "eval_runtime": 12.3694,
      "eval_samples_per_second": 29.347,
      "eval_steps_per_second": 29.347,
      "step": 1091
    },
    {
      "epoch": 4.0,
      "eval_accuracy": 0.7575757575757576,
      "eval_cf_report": {
        "0": {
          "f1-score": 0.47368421052631576,
          "precision": 0.6923076923076923,
          "recall": 0.36,
          "support": 25.0
        },
        "1": {
          "f1-score": 0.6530612244897959,
          "precision": 0.5714285714285714,
          "recall": 0.7619047619047619,
          "support": 21.0
        },
        "2": {
          "f1-score": 0.9151785714285714,
          "precision": 0.9151785714285714,
          "recall": 0.9151785714285714,
          "support": 224.0
        },
        "3": {
          "f1-score": 0.0,
          "precision": 0.0,
          "recall": 0.0,
          "support": 8.0
        },