{
    "modelName": "BERTimbau",
    "precisao": 0.7170792078853112,
    "recall": 0.4241127218195451,
    "f1": 0.4369644832986887,
    "acuracia": 0.4241127218195451,
    "hloss": 0.5758872781804549
}