{
    "modelName": "HelBERT-base-uncased-scratch-30",
    "precisao": 0.6634348202698488,
    "recall": 0.36793926518370407,
    "f1": 0.4131917945435961,
    "acuracia": 0.36793926518370407,
    "hloss": 0.6320607348162959
}