{
    "modelName": "jurisBERT",
    "precisao": 0.6690463827214086,
    "recall": 0.3646588352911772,
    "f1": 0.3906464470551462,
    "acuracia": 0.3646588352911772,
    "hloss": 0.6353411647088228
}