{
    "modelName": "LegalBERT-pt-sc",
    "precisao": 0.6057833886195946,
    "recall": 0.3562234441389653,
    "f1": 0.39092342111420114,
    "acuracia": 0.3562234441389653,
    "hloss": 0.6437765558610348
}