{
    "modelName": "mBERT",
    "precisao": 0.6112150644713646,
    "recall": 0.297144463884029,
    "f1": 0.3247513862709112,
    "acuracia": 0.297144463884029,
    "hloss": 0.702855536115971
}