{
    "model_name": "LegalBERT-pt-sc",
    "train_loss": 0.14020843615997872,
    "train_loss_curve": [
        [
            1.206516952807551,
            0.8529982128247773,
            0.6662714768111501,
            0.5754049825530076,
            0.5271860094376138,
            0.4834368054745431,
            0.43369326753305,
            0.4093789950883675,
            0.3827198043600032,
            0.36348167731173825,
            0.33047624377860235,
            0.30880003646528187,
            0.2846146549899899,
            0.2682398174876584,
            0.24735380921679265,
            0.23846875510460144,
            0.20750118392684475,
            0.1958263957684162,
            0.18617097974740468,
            0.17047672259342886,
            0.16038344435184182,
            0.14020843615997872,
            0.13464960184218713,
            0.12842841825019521,
            0.12307845430546265
        ],
        [
            1.2033459374175448,
            0.8667197494777208,
            0.6833061586899036,
            0.5824301031600568,
            0.5242077962229752,
            0.48168312752766607,
            0.4393062403752017,
            0.3931845563089417,
            0.37112403714779724,
            0.35075862500240507,
            0.3277031247091201,
            0.3085510124999684,
            0.28001386196835804,
            0.26518924988620624
        ],
        [
            1.1954478797634034,
            0.8437940341346862,
            0.6684034540609191,
            0.5721286745786769,
            0.5091226096505049,
            0.4664621672295418,
            0.42736908123921286,
            0.39325832300323393,
            0.36747998456211434,
            0.3448803578343409,
            0.32143141134862896,
            0.3012955491511068,
            0.2876834527787807,
            0.2555641560284005,
            0.24301601505335868,
            0.22355562511949936,
            0.21349362683637688,
            0.19533535287334644,
            0.18611822106645048,
            0.16367644079980084,
            0.16551009849929235,
            0.15554288567661523,
            0.14469397335258855,
            0.1276583158543303,
            0.11611314836473051,
            0.11706792204132739,
            0.10346557991639183,
            0.10745363107602804,
            0.10757738514838354,
            0.09010644003799051
        ],
        [
            1.1973936568011123,
            0.8579785474848092,
            0.6883240719149817,
            0.5838682846489436,
            0.527171368272239,
            0.4785575705397989,
            0.44242941458546314,
            0.41533028575050873,
            0.3803870193020175,
            0.3473019104841392,
            0.32880980655378134,
            0.3083001350875163
        ],
        [
            1.2117713958127392,
            0.8657381981355218,
            0.6895604491541066,
            0.5935002921654802,
            0.5384827721031875,
            0.4837923131569503,
            0.44194775317952395,
            0.4057887087246448,
            0.3857033459111229,
            0.3455196089684144,
            0.32781429001997475,
            0.3069573638423048,
            0.2821705934185138,
            0.2606329461719674,
            0.24911652175754412,
            0.23206820725415325,
            0.2118378305460464,
            0.19583805258421041,
            0.18449724293655967,
            0.1680268213218694,
            0.15797902461896648,
            0.14226012020667894,
            0.13753317666433662,
            0.13545880025745316,
            0.11715560942872058
        ]
    ],
    "val_loss": 0.2852765148129212,
    "val_loss_curve": [
        [
            0.9993888560223253,
            0.7307584028537959,
            0.6556268568112426,
            0.5713520167420988,
            0.5793039559399429,
            0.5026139815988606,
            0.47867225735665186,
            0.5257192998103899,
            0.4223388990974181,
            0.4274640835260283,
            0.38638302170964955,
            0.3670242561397385,
            0.35074544857473,
            0.3635691620301047,
            0.33094205174033775,
            0.31567019790934064,
            0.4232788080300128,
            0.29732273908233114,
            0.2979424878323374,
            0.2981235247778336,
            0.29106211546834,
            0.2852765148129212,
            0.3777743622163081,
            0.35757695591995775,
            0.30891588597306474
        ],
        [
            1.0214196526228565,
            0.7747963007590543,
            0.6887089322282843,
            0.6040893133270414,
            0.5751150307334858,
            0.5568354852267936,
            0.5006886537837452,
            0.47266872599083065,
            0.4820261692296561,
            0.45127895053425066,
            0.41104184706019214,
            0.41955464217199445,
            0.4296379440881899,
            0.4525456162590584
        ],
        [
            0.9836504814559466,
            0.7271154637206091,
            0.6208613634313622,
            0.5805257057439382,
            0.5706788594898295,
            0.5427974182857226,
            0.5399690403615776,
            0.49124600205009117,
            0.49846882545325444,
            0.43546891721501335,
            0.43242006293459706,
            0.42751236479372196,
            0.41372779504179136,
            0.3876317145704764,
            0.39366194073984734,
            0.4165463588481182,
            0.3728216478141816,
            0.39093525938160256,
            0.35944060256149724,
            0.361167737167992,
            0.3770740419914882,
            0.3581938459665502,
            0.3474567758129935,
            0.3461284873295856,
            0.33640873391733006,
            0.3289720086227446,
            0.39567583419258184,
            0.32385938520438023,
            0.3349378828452868,
            0.3497390105091641
        ],
        [
            0.9591699271169427,
            0.7028342171840064,
            0.6791566087775034,
            0.5359423210053411,
            0.5186384478456354,
            0.504732501118967,
            0.47583632192842357,
            0.46379953667310975,
            0.43078318289289735,
            0.46014657925355107,
            0.4766597403851274,
            0.45061545822233573
        ],
        [
            0.9836495718727373,
            0.7369038972952594,
            0.6643736092501307,
            0.5852152641913663,
            0.5116060600195029,
            0.5128569444258736,
            0.46202736351422147,
            0.4946478806461578,
            0.4501271074484677,
            0.4706252552441334,
            0.4083511587423719,
            0.41727437664537803,
            0.40120763562568657,
            0.3729453513411524,
            0.42147238484794297,
            0.35944253718320995,
            0.3582753303033389,
            0.3640932293835236,
            0.3502166590793696,
            0.33072475786320865,
            0.3668592505616276,
            0.32882666666370064,
            0.33479539815006354,
            0.4039620482318952,
            0.3411236632502102
        ]
    ],
    "cf_report": {
        "0": {
            "precision": 0.9722222222222221,
            "recall": 0.958904109589041,
            "f1-score": 0.9655172413793103,
            "support": 146.0
        },
        "1": {
            "precision": 0.9426229508196722,
            "recall": 0.8518518518518519,
            "f1-score": 0.8949416342412452,
            "support": 135.0
        },
        "2": {
            "precision": 0.8486486486486486,
            "recall": 0.9515151515151515,
            "f1-score": 0.8971428571428571,
            "support": 165.0
        },
        "3": {
            "precision": 0.931297709923664,
            "recall": 0.8970588235294118,
            "f1-score": 0.9138576779026218,
            "support": 136.0
        },