{
    "model_name": "HelBERT-base-uncased",
    "train_loss": 0.20780184527502227,
    "val_loss": 0.37311841848993965,
    "precisao": 0.8776052049473761,
    "recall": 0.8784543325526932,
    "f1": 0.8771766567026409,
    "acuracia": 0.8784543325526932,
    "hloss": 0.1215456674473068,
    "training_time_epoch": [
        53.98592061655862,
        54.43786564240089,
        56.11226203706529,
        54.39760156778189,
        54.341456345149446
    ],
    "mean_training_time_epoch": 54.655021241791225,
    "f1_curve": [
        [
            0.6535520007553877,
            0.7484207459392049,
            0.8073914137323106,
            0.8253382277082775,
            0.819482720214369,
            0.8542598810755986,
            0.8448555957980957,
            0.8382921358213147,
            0.8629752441812876,
            0.8618043642148152,
            0.8638106103937675,
            0.8635780528496556,
            0.8533108460383101,
            0.8456043500777682,
            0.8563318235343501
        ],
        [
            0.6444126357706884,
            0.7649942946671918,
            0.7983572198840024,
            0.824391736973672,
            0.8371585667988329,
            0.8295821032876698,
            0.8508011997421655,
            0.8486841505154312,
            0.8598535367776362,
            0.8613642883056744,
            0.8767331815472387,
            0.8697699871667909,
            0.8598475296928878,
            0.8662446851252871
        ],
        [
            0.6553820951939996,
            0.7655627325913457,
            0.8010706953309503,
            0.8250873484958186,
            0.8300770632774216,
            0.825731808250268,
            0.8389282487581229,
            0.8512847422126769,
            0.8501743756924703,
            0.8234520669680934
        ],
        [
            0.5868605098325433,
            0.7318771609377737,
            0.7508234944455605,
            0.7959683214835939,
            0.8263409415745839,
            0.8448791633083055,
            0.8544377083573704,
            0.8651583341983634,
            0.8651832587001891,
            0.8709360686093273,
            0.8727130251105271,
            0.869361051319366,
            0.8674497525084742,
            0.8608332174540375
        ],
        [
            0.6742482782898405,
            0.7354437842141517,
            0.7978045898401003,
            0.8118162321414774,
            0.8381552016096265,
            0.8392344233068492,
            0.8600083278943843,
            0.855506356687939,
            0.8611666457768237,
            0.8598731975913408,
            0.8842213206523483,
            0.8693716195053646,
            0.8704285981470373,
            0.8918731284777207,
            0.8789286700403196
        ]
    ],
    "epochs_per_fold": [
        14,
        13,
        9,
        13,
        14
    ],
    "mean_epochs": 12.6
}