{
    "model_name": "BERTimbau",
    "train_loss": 0.17252334447367967,
    "train_loss_curve": [
        [
            1.178970780876494,
            0.8365319187391255,
            0.657039972175796,
            0.5622562810881031,
            0.484742172062397,
            0.4423155560929495,
            0.38669610791279585,
            0.3673080459814775,
            0.3303508211820966,
            0.30498447772627535,
            0.2868534140280829,
            0.26208499047658773,
            0.2420505870100034,
            0.23239512010029426,
            0.2247500204424377,
            0.2049528971091201,
            0.1809542662591299,
            0.17252334447367967,
            0.16042917232836046,
            0.14805695713062442,
            0.13415467563492112,
            0.13069278341645008,
            0.12638300645410777,
            0.11144560416404292
        ],
        [
            1.1949829753117054,
            0.8252201717590139,
            0.6469469982746643,
            0.5454154847721054,
            0.4886053484637303,
            0.43488490983485356,
            0.39249069228307487,
            0.3606430774817045,
            0.3303874496208933,
            0.3038661696170409,
            0.28726391516197025,
            0.2660410121760149,
            0.24614835469071397,
            0.24194355832838496
        ],
        [
            1.2206598858243412,
            0.855678252670978,
            0.6564557381563171,
            0.5417768861106325,
            0.4708113761529122,
            0.4202670912639177,
            0.37842801637640316,
            0.3441841509385207,
            0.3141457185267608,
            0.2924122738362293,
            0.26662930392714607,
            0.2548978349613586,
            0.2398571222788523,
            0.22141022200030483,
            0.20413374052226185,
            0.19669575845907503,
            0.17894666007047044,
            0.174472690266285
        ],
        [
            1.2320526713358169,
            0.8663890338742856,
            0.6622503249685174,
            0.5453191764806349,
            0.4763436017276342,
            0.4320129641776591,
            0.3859550757077603,
            0.3489307229042284,
            0.3209853521228169,
            0.30322964779818207,
            0.27973641580790026,
            0.25381375943499385,
            0.2419509819506338,
            0.22114898121909357,
            0.20708065189875638
        ],
        [
            1.2065392232842462,
            0.8495748541045844,
            0.6460146148564275,
            0.5469284461958405,
            0.47237061672040687,
            0.4275565743126308,
            0.38076861123986466,
            0.34066221771979405,
            0.31938009260580763,
            0.30323463596909267,
            0.2657864328083355,
            0.26082404815236626,
            0.2387626842080369,
            0.2180417085820937,
            0.2109305777605399,
            0.1979691509802104,
            0.18608799443781837,
            0.16649470090625257,
            0.15931901590929837,
            0.15234395157603012
        ]
    ],
    "val_loss": 0.28980104554179825,
    "val_loss_curve": [
        [
            0.9844480044629476,
            0.7126858645718391,
            0.5910285537781781,
            0.5110090908224452,
            0.45656986149308615,
            0.42874798558856525,
            0.3997052728568446,
            0.3810835902145362,
            0.37209879883807406,
            0.3526927035059525,
            0.3930092044820537,
            0.33651514313413367,
            0.31548782601340175,
            0.30148321383613585,
            0.29538017830792307,
            0.3385977884945906,
            0.2918709342986702,
            0.28980104554179825,
            0.3017798569069359,
            0.3154812567175226,
            0.28218517134887844,
            0.2998712789622129,
            0.2976329538439742,
            0.3132241028353049
        ],
        [
            0.9761305206442532,
            0.7151206173513034,
            0.6709327288482287,
            0.5496062130654511,
            0.500212571596446,
            0.4548154151807093,
            0.44351138350592084,
            0.4091699796486391,
            0.4589113943240516,
            0.4220927500146862,
            0.35038407463963106,
            0.38499557427513376,
            0.35796857284452155,
            0.37209492797759197
        ],
        [
            1.0295484074174541,
            0.751417376101017,
            0.5898439882144536,
            0.521730699129913,
            0.4717812367447027,
            0.5044296293532196,
            0.41675889375938535,
            0.4522240568743381,
            0.4154859904761184,
            0.38334135961725235,
            0.42620138976442284,
            0.3616354194635602,
            0.36921826142766706,
            0.3602798392498636,
            0.34215119350318834,
            0.370662973472874,
            0.3539913208686351,
            0.3855113657510342
        ],
        [
            0.9933323788724534,
            0.6943326026060912,
            0.5605942744710674,
            0.5292513054374555,
            0.45168642230229833,
            0.4125911010276169,
            0.38503963728626706,
            0.3664426288331463,
            0.3630544609479504,
            0.3583097093457943,
            0.3506441775052362,
            0.32469429454625875,
            0.375057446078257,
            0.3577551686066228,
            0.38659806469453767
        ],
        [
            0.9838776020971063,
            0.6992247263097191,
            0.586164755517081,
            0.5135215657112533,
            0.4676847052186319,
            0.47122505296991296,
            0.4435539026425718,
            0.39695654931232616,
            0.39830542864494844,
            0.389684131000612,
            0.4230791267664618,
            0.3538902664002133,
            0.3629873798496715,
            0.32080476613211356,
            0.35137227873560295,
            0.32579849796407145,
            0.3201975378659171,
            0.32455505409647956,
            0.3818281812135653,
            0.3619539279256284
        ]
    ],
    "cf_report": {
        "0": {
            "precision": 0.971830985915493,
            "recall": 0.9452054794520548,
            "f1-score": 0.9583333333333334,
            "support": 146.0
        },
        "1": {
            "precision": 0.9200000000000002,
            "recall": 0.8518518518518519,
            "f1-score": 0.8846153846153847,
            "support": 135.0
        },
        "2": {
            "precision": 0.851063829787234,
            "recall": 0.9696969696969697,
            "f1-score": 0.9065155807365441,
            "support": 165.0
        },
        "3": {
            "precision": 0.9448818897637794,
            "recall": 0.8823529411764707,
            "f1-score": 0.9125475285171103,
            "support": 136.0
        },
        "accuracy": 0.915807560137457,
        "macro avg": {
            "precision": 0.9219441763666266,
            "recall": 0.9122768105443366,
            "f1-score": 0.9155029568005929,
            "support": 582.0
        },
        "weighted avg": {
            "precision": 0.919272839976683,
            "recall": 0.915807560137457,
            "f1-score": 0.9158441207725092,
            "support": 582.0
        }
    },
    "hloss": 0.08419243986254296,
    "training_time_epoch": [
        69.52872971866442,
        71.47316356805655,
        70.51711006725536,
        71.31099702630725,
        69.9538898593501
    ],
    "mean_training_time_epoch": 70.55677804792674,