{
    "model_name": "HelBERT-uncased-fs-6",
    "train_loss": 0.05919081805599633,
    "train_loss_curve": [
        [
            0.8820439635734378,
            0.4694085769624132,
            0.34377439191910564,
            0.28210685668109925,
            0.2354111287461216,
            0.2039278117364554,
            0.17828367569338197,
            0.15705844383971618,
            0.13696390275641016,
            0.12173961479152005,
            0.1112313419621965,
            0.09670670696962673,
            0.08954849149454729,
            0.08134311888561163,
            0.07164173025530951,
            0.06842353208300019,
            0.06088269200724873
        ],
        [
            0.8845288429114827,
            0.46972305915891305,
            0.34310025023136453,
            0.28190918164599776,
            0.2377523990208763,
            0.2065970245876775,
            0.1773727206400071,
            0.15775627898003527,
            0.14196266206197403,
            0.12446249493393172,
            0.10901782993080024,
            0.1034952542182803,
            0.09385623692096207,
            0.0873424262656507,
            0.0769173972934668,
            0.06835723558267381,
            0.06865097908354398,
            0.06017780128261955,
            0.05682036330827375,
            0.05365274284859251,
            0.05045331960121034,
            0.048190895005501354
        ],
        [
            0.8664098595528259,
            0.45940074774587075,
            0.3367975410170008,
            0.27587275188880306,
            0.2371459757575935,
            0.2041618142175389,
            0.1819219609624082,
            0.15683220861040784,
            0.1380651596893298,
            0.1276523696699322,
            0.11674252441060919,
            0.09911969585831859,
            0.0968636889650252,
            0.08468387212820913,
            0.0775002437333216,
            0.07529970769456602,
            0.06728505124338721,
            0.06285665933679298,
            0.06134195569412094,
            0.059114576986495505
        ],
        [
            0.9265235360340565,
            0.4821805787685606,
            0.33978830903762136,
            0.2793944010229404,
            0.23076916545952744,
            0.19811413655116758,
            0.16723392561119677,
            0.15529195500805387,
            0.13772606549810945,
            0.11769160888893082,
            0.10743061174652371,
            0.09873781105382624,
            0.08724903366619964,
            0.07949115410173585
        ],
        [
            0.8567583855894423,
            0.4529174575614151,
            0.331672066092952,
            0.26740219779120583,
            0.22487860488868558,
            0.19050223725132606,
            0.16967743817261577,
            0.1517954199455672,
            0.13651021822240472,
            0.11788398077376619,
            0.10908138360947177,
            0.10451416877298207,
            0.09022922807406511,
            0.0806771085356768,
            0.07469279280362837
        ]
    ],
    "val_loss": 0.16865991954803342,
    "val_loss_curve": [
        [
            0.5748452902452587,
            0.41309045704260267,
            0.3248977406868992,
            0.2905069221232137,
            0.2574979404548872,
            0.24129028223161522,
            0.23205830093811278,
            0.24268953157238,
            0.22445455027189207,
            0.2096550461352956,
            0.20750251044846166,
            0.19841815830544848,
            0.2301370580022842,
            0.1982305797802887,
            0.22428757922918446,
            0.2166592950718589,
            0.2245880549547122
        ],
        [
            0.5884301002099089,
            0.40239940443369626,
            0.33144698149129137,
            0.2729644393261318,
            0.27122341104374864,
            0.2236230574191025,
            0.23819832178231407,
            0.20257701465584121,
            0.18916494556948263,
            0.1729007216624131,
            0.17922048210581024,
            0.17384620961431757,
            0.16933731193740353,
            0.16653234537249137,
            0.1918678280904615,
            0.16313073220186347,
            0.16863701342429036,
            0.1680971723895485,
            0.1606283889758406,
            0.16126725448996956,
            0.1659002711297047,
            0.20434454534482913
        ],
        [
            0.573231598489905,
            0.4055030513172076,
            0.3270069873725919,
            0.2927632158787998,
            0.2531536147381141,
            0.23424599348561048,
            0.23516774845424376,
            0.20066755108315218,
            0.18303233782652356,
            0.17424794135089766,
            0.19766362775507867,
            0.19309005179432098,
            0.17289218845141713,
            0.16661056753537817,
            0.17333538827459624,
            0.15742518920185283,
            0.15682150299092937,
            0.17782497736154929,
            0.1691126415168321,
            0.158572712648829
        ],
        [
            0.5937049525139266,
            0.42767943763365485,
            0.35811591394602843,
            0.30498874529060743,
            0.2987011530857584,
            0.2787320224459806,
            0.29598838275087974,
            0.2675729857164448,
            0.2827017025819546,
            0.2586809313076242,
            0.25342082143599753,
            0.25830785691385694,
            0.2683274360128028,
            0.2632251730869877
        ],
        [
            0.5662332718094735,
            0.40811579434634887,
            0.3526400173822903,
            0.323735133846839,
            0.29594734289415486,
            0.29316098744221897,
            0.2766294596534962,
            0.26653805783988066,
            0.2624038248123563,
            0.26311921975766756,
            0.25595247992218717,
            0.2365568362691516,
            0.24845252430571996,
            0.23990832659178085,
            0.2469148999335219
        ]
    ],
    "cf_report": {
        "0": {
            "precision": 0.975398378529494,
            "recall": 0.9767123287671232,
            "f1-score": 0.9760531114124082,
            "support": 146.0
        },
        "1": {
            "precision": 0.9357974840813791,
            "recall": 0.9718518518518519,
            "f1-score": 0.9534526854219948,
            "support": 135.0
        },
        "2": {
            "precision": 0.9740909090909092,
            "recall": 0.9503030303030304,
            "f1-score": 0.962013986013986,
            "support": 165.0
        },
        "3": {
            "precision": 0.9464884433305485,
            "recall": 0.936764705882353,
            "f1-score": 0.9415931631435273,
            "support": 136.0
        },
        "accuracy": 0.9587628865979381,
        "macro avg": {
            "precision": 0.9579438037580827,
            "recall": 0.9589079792010894,
            "f1-score": 0.9582782364979792,
            "support": 582.0
        },
        "weighted avg": {
            "precision": 0.9590863434866786,
            "recall": 0.9587628865979381,
            "f1-score": 0.9587780836391895,
            "support": 582.0
        }
    },
    "hloss": 0.04123711340206186,
    "training_time_epoch": [
        70.7061948031187,
        69.98013689404442,
        70.46733721933867,
        72.24685834004329,
        71.57536590099335
    ],
    "mean_training_time_epoch": 70.99517863150768,