{
    "model_name": "mBERT",
    "train_loss": 0.40479407247208127,
    "val_loss": 0.5582724961199771,
    "precisao": 0.7924186416852501,
    "recall": 0.7943049749392633,
    "f1": 0.7924778740889902,
    "acuracia": 0.7943049749392633,
    "hloss": 0.20569502506073672,
    "training_time_epoch": [
        53.795146360993385,
        54.730243722597756,
        54.752395927906036,
        53.208429499676356,
        53.04058617353439
    ],
    "mean_training_time_epoch": 53.90536033694159,
    "f1_curve": [
        [
            0.3812118543456259,
            0.44939554425158246,
            0.648748116646108,
            0.6265478197399281,
            0.664324794501893,
            0.6909283609955953,
            0.7171531281144802,
            0.7397568031546403,
            0.7561415434719815,
            0.7374945172776115,
            0.757634234485751,
            0.7675651447290418,
            0.7702447354850349,
            0.788370527212995,
            0.7698231162090466,
            0.7738866460215305,
            0.7890551153636711
        ],
        [
            0.38452372677892405,
            0.5262768849421546,
            0.6372264866963956,
            0.6952079204256415,
            0.6931668264343258,
            0.6958584797695979,
            0.7212071592877144,
            0.7474456366240592,
            0.7300356938386513,
            0.7624949248465919,
            0.7373785723251678,
            0.7786150730350258,
            0.7764471302955223
        ],
        [
            0.42304505880769927,
            0.5144124724511733,
            0.6430284193067646,
            0.6645737161051937,
            0.6739735333209981,
            0.6741714220698567,
            0.727591320044599,
            0.7076168927085352,
            0.7399927662412183,
            0.7337916184916867,
            0.7174891564556013,
            0.6992232389905206,
            0.7316273596817983
        ],
        [
            0.4603637357440017,
            0.4992160076565359,
            0.5952475719384664,
            0.6426052282101241,
            0.6456047404856521,
            0.6661246670585321,
            0.6506799267956448,
            0.715956073101703,
            0.7161210267324049,
            0.6951139515713372,
            0.7329524653707299,
            0.7397737062143354,
            0.7236845588841889,
            0.7661914373709827,
            0.7758954460950745,
            0.757848011146131,
            0.7848929837844522,
            0.7768536922965907,
            0.7533785527827976,
            0.7800137614281919
        ],
        [
            0.3524693132048067,
            0.5953704279360454,
            0.5937952428021772,
            0.6314340927320478,
            0.6999424825264325,
            0.7058251682455962,
            0.7056463851174875,
            0.7490514085199681,
            0.7259789941285998,
            0.7815270298574023,
            0.7755996451852748,
            0.7955176707149435,
            0.7815953671994523,
            0.7926421587711815,
            0.7667327913602815,
            0.7833831697509773,
            0.7971002283732862,
            0.7980714789197503,
            0.8089072615929707,
            0.7802308146712095,
            0.7955659917825234
        ]
    ],
    "epochs_per_fold": [
        16,
        12,
        12,
        19,
        20
    ],
    "mean_epochs": 15.8
}