{
    "model_name": "HelBERT-base-uncased-scratch",
    "train_loss": 0.18398400905801018,
    "val_loss": 0.3470425009074682,
    "precisao": 0.8898753988343853,
    "recall": 0.88873908380573,
    "f1": 0.8880240337429075,
    "acuracia": 0.88873908380573,
    "hloss": 0.11126091619426996,
    "training_time_epoch": [
        54.43625694054823,
        56.07416603300307,
        54.617990712324776,
        71.98340459167957,
        75.01438968321857
    ],
    "mean_training_time_epoch": 62.42524159215484,
    "f1_curve": [
        [
            0.6020646261229683,
            0.7661660240954984,
            0.7931180236948026,
            0.8154913229596954,
            0.8149353436557945,
            0.8551894485247824,
            0.8429058735427536,
            0.8315894129514663,
            0.8585676979091196,
            0.8654726003087883,
            0.8851180060596414,
            0.8646669459463029,
            0.8569191713230538,
            0.8686911097011167
        ],
        [
            0.6526983450375224,
            0.7600227490168464,
            0.8147669315922046,
            0.835189348772871,
            0.8467668820450319,
            0.861524843298696,
            0.8564360296512584,
            0.8639532343543632,
            0.8668338368752846,
            0.8702951556614931
        ],
        [
            0.6409743985342768,
            0.800647331418074,
            0.8420653071014415,
            0.8211061513878497,
            0.8466102353445353,
            0.8684941999683115,
            0.8454883741757714,
            0.8229327260959657,
            0.8796722128482641,
            0.8845885570220534,
            0.8846475176778672,
            0.8779474558144956,
            0.8787436441264107
        ],
        [
            0.6800660118762224,
            0.7865579973719531,
            0.8086741345997758,
            0.8329311048566376,
            0.8419399433141646,
            0.8272205436855077,
            0.8623193062293479,
            0.8544047157630296,
            0.863308777718038,
            0.8432475095278434,
            0.8573062294448587,
            0.8660633082185071,
            0.8478645739076262,
            0.8784019317292481,
            0.869260311314002,
            0.8759747063396337,
            0.8688102078756127
        ],
        [
            0.705710938936086,
            0.7541353454581902,
            0.8171413742009658,
            0.8327251178574697,
            0.838774457816131,
            0.8610686175384396,
            0.8769905038676726,
            0.8714498150608367,
            0.8821349430882537,
            0.867024974116335,
            0.8794642962954082,
            0.8925866022809428,
            0.8981190963670213,
            0.8725953604764064,
            0.893391504677547,
            0.8996481444759724,
            0.8643142463588973,
            0.9021989348331658
        ]
    ],
    "epochs_per_fold": [
        13,
        9,
        12,
        16,
        17
    ],
    "mean_epochs": 13.4
}