{
    "model_name": "BERTimbau",
    "train_loss": 0.2402370138428931,
    "val_loss": 0.3641497645770835,
    "precisao": 0.8867740885684133,
    "recall": 0.8878504672897197,
    "f1": 0.8858834610733481,
    "acuracia": 0.8878504672897197,
    "hloss": 0.11214953271028036,
    "training_time_epoch": [
        55.16115041212602,
        53.317160076565216,
        54.38748286320613,
        53.766272687911986,
        53.63165691494942
    ],
    "mean_training_time_epoch": 54.05274459095176,
    "f1_curve": [
        [
            0.47658953463746606,
            0.6751475563472278,
            0.7060474431677702,
            0.8210338051607381,
            0.8346402499313816,
            0.8101992824137426,
            0.8438674632183603,
            0.7919420442893333,
            0.8595769265267887,
            0.8400532801046993,
            0.8257035995613661,
            0.8351835620853442
        ],
        [
            0.5708623395141408,
            0.748363882970013,
            0.8041081760976254,
            0.7856538326220202,
            0.8231788295537075,
            0.8283323942097465,
            0.8579830797003671,
            0.8580061591829486,
            0.8533726762143692,
            0.8531103827957319,
            0.8815061341748406,
            0.8499325829252663,
            0.8687547954578498,
            0.8672863178470174,
            0.8361792805912561,
            0.8924600947099879,
            0.881832719411982,
            0.8851637116888115,
            0.8779989591282259
        ],
        [
            0.5945408373761488,
            0.6706338080945194,
            0.7728877527457513,
            0.8004830916818961,
            0.8005177379535425,
            0.8525958271103632,
            0.8330462737142589,
            0.8317273387941011,
            0.8627229088412677,
            0.8684998949392913,
            0.87209277709162,
            0.8553957840135246,
            0.8693573628997731,
            0.8156608319319354
        ],
        [
            0.5821234227113254,
            0.7107131235780043,
            0.7789784465754969,
            0.7902237409671992,
            0.7860747808340139,
            0.8158160145020034,
            0.836822610175978,
            0.8409793485203322,
            0.8299833476725457,
            0.8428457134367683,
            0.8306907711181647,
            0.8514836001925188,
            0.8659300884318863,
            0.8485013616599977,
            0.8553046796038976,
            0.8585104884785723
        ],
        [
            0.5059853808289048,
            0.743673734720643,
            0.7477000089500047,
            0.7649623595253641,
            0.8017790540624264,
            0.8398626437515523,
            0.8622815278808641,
            0.8520808621511198,
            0.846571675803567,
            0.8823208813742895,
            0.8799011245440345,
            0.8060487691737683,
            0.8693707281529295,
            0.8791241129756475,
            0.8771640117747032,
            0.8722927943497096,
            0.8453913599833872
        ]
    ],
    "epochs_per_fold": [
        11,
        18,
        13,
        15,
        16
    ],
    "mean_epochs": 14.6
}