{
    "model_name": "LegalBERT-pt-sc",
    "train_loss": 0.3214528849239626,
    "val_loss": 0.39214907734541693,
    "precisao": 0.883692701963248,
    "recall": 0.883177570093458,
    "f1": 0.8834006366806783,
    "acuracia": 0.883177570093458,
    "hloss": 0.11682242990654206,
    "training_time_epoch": [
        52.74256790202597,
        54.35020331236032,
        54.12248568875449,
        53.90403437614441,
        54.771016319592796
    ],
    "mean_training_time_epoch": 53.9780615197756,
    "f1_curve": [
        [
            0.4753933408272862,
            0.681867864256583,
            0.6990269873839615,
            0.7939052999062681,
            0.7739507608167439,
            0.8062464689825677,
            0.8512845335263975,
            0.7890284896537182,
            0.8672198845336062,
            0.8678687160939755,
            0.8516343919039279,
            0.8623453501528239,
            0.8615774793101392,
            0.8819692197158523,
            0.8834006366806784,
            0.873728605186034,
            0.8616766434381079,
            0.8804604970369849,
            0.8720791748829195,
            0.8744063897596269,
            0.8784951890364702,
            0.868201830373431,
            0.871545202031828,
            0.8820645120331394
        ],
        [
            0.6626930499391924,
            0.6955051050988088,
            0.7151314972427837,
            0.7646193059521185,
            0.7988632037182365,
            0.7940669003908375,
            0.8266734682507625,
            0.8067673965708206,
            0.7358628620078669,
            0.8378719993857746,
            0.811863255836644,
            0.8094770959315758,
            0.8137137823287617,
            0.838505935017446
        ],
        [
            0.5124466065685715,
            0.6160411241692297,
            0.7230084021050388,
            0.6840305545983816,
            0.7452298848727363,
            0.770590980555599,
            0.7693746815023819,
            0.7622635688706082,
            0.7998377264663382,
            0.7915928815064562,
            0.8062555852760598,
            0.8146299174500536,
            0.8039036817882255,
            0.7962615461240484,
            0.8000875013300929
        ],
        [
            0.5084464995436657,
            0.6533065892076455,
            0.7316281733434927,
            0.7578869899061536,
            0.7715620908877904,
            0.7705766311608395,
            0.7872488454004111,
            0.7972021690105886,
            0.7723867409921081,
            0.7860141881913815,
            0.8105106682465495,
            0.8137804135869976,
            0.8240855554186013,
            0.8224662079744832,
            0.7874197940100858,
            0.8154926150982167
        ],
        [
            0.6098340764050979,
            0.6696361558055081,
            0.7474272892933895,
            0.7755841729673503,
            0.7959558987558674,
            0.7961712753556133,
            0.8105824715921386,
            0.7985498836426117,
            0.834814223807861,
            0.8388509727622664,
            0.8287989192776671,
            0.8336332106739994,
            0.8297614551016763
        ]
    ],
    "epochs_per_fold": [
        23,
        13,
        14,
        15,
        12
    ],
    "mean_epochs": 15.4
}