{
    "model_name": "jurisBERT",
    "train_loss": 0.29329284822043883,
    "val_loss": 0.460371786917377,
    "precisao": 0.8397336531352682,
    "recall": 0.8381711133970977,
    "f1": 0.8354647275906851,
    "acuracia": 0.8381711133970977,
    "hloss": 0.1618288866029022,
    "training_time_epoch": [
        54.84870785474777,
        54.20404718603407,
        55.574314546585086,
        54.12537157535553,
        54.39160638589125
    ],
    "mean_training_time_epoch": 54.628809509722736,
    "f1_curve": [
        [
            0.5922275614174836,
            0.6442478804359615,
            0.7109814549817736,
            0.7676547069680161,
            0.7508958667277489,
            0.8060406740214696,
            0.8176217707843231,
            0.8135967331142328,
            0.7938609452016188,
            0.8182136636392646,
            0.8217758704602661,
            0.8067862075006507,
            0.8214459263135043
        ],
        [
            0.6559141170196819,
            0.7207000778298359,
            0.7387299868088806,
            0.7656881221239707,
            0.7925004170253591,
            0.7918121428585614,
            0.7990551344100559,
            0.8224791420974432,
            0.8266907483471223,
            0.8205680044515398,
            0.8344504350341954,
            0.8381080406540438,
            0.8332196254916113,
            0.8345741964592938,
            0.822419361672802
        ],
        [
            0.6063831482531769,
            0.6645397314191771,
            0.7316121036396227,
            0.748487226340579,
            0.7524069252164222,
            0.7754926544338305,
            0.782056781178308,
            0.7837413779093998,
            0.7878593166822137,
            0.7988615119663853,
            0.8175548556986828
        ],
        [
            0.6410959108156898,
            0.7180828358927986,
            0.7538804391108094,
            0.7823603807743952,
            0.7531360440412489,
            0.8011276452835782,
            0.8019825392086414,
            0.8250360385836786,
            0.8209171228405542,
            0.8120464035751288,
            0.8201173906066033,
            0.8253668460110885,
            0.839665843092536,
            0.8121762031116925,
            0.8229882892884521
        ],
        [
            0.6260311977730205,
            0.667628273034968,
            0.7424812750792797,
            0.7877094442763731,
            0.7889619104123072,
            0.7813572488672784,
            0.7963659889456153,
            0.7868430065055682,
            0.8047674367253441,
            0.8007182577207574,
            0.81252447931575,
            0.8216330851793963,
            0.8117251753988968,
            0.8125205981888272
        ]
    ],
    "epochs_per_fold": [
        12,
        14,
        10,
        14,
        13
    ],
    "mean_epochs": 12.6
}