{
    "model_name": "jurisBERT",
    "train_loss": 0.10432715142942658,
    "train_loss_curve": [
        [
            1.1058029748524998,
            0.7303393402127261,
            0.584776363101919,
            0.5019436349765849,
            0.4407573221011337,
            0.3893258162482907,
            0.3497312455094032,
            0.3175964057381518,
            0.2839111636674409,
            0.25995273627596827,
            0.23765184222144486,
            0.21161310459067886,
            0.191375874154929,
            0.17027849902333275,
            0.15657153619790154,
            0.14081626320821858,
            0.13210574375894368,
            0.11279149481180985,
            0.10432715142942658,
            0.09236259108986962,
            0.08772539775606558,
            0.07389237121194825
        ],
        [
            1.1230102097455579,
            0.7474919927796138,
            0.5961280236551955,
            0.5057236864983626,
            0.45840061895062834,
            0.40809090871082243,
            0.3629719746679938,
            0.339310684868637,
            0.3027683641710335,
            0.269061685638195,
            0.24800035436365664,
            0.22883495428964265,
            0.2053965886485126,
            0.18615390541419208,
            0.1609958693316315,
            0.1527630725383032,
            0.13962443895206733,
            0.12593723307191668,
            0.1206049220150423,
            0.10212311247296478,
            0.09092645607012584,
            0.09427208584356558
        ],
        [
            1.1466662070595521,
            0.7737730437076789,
            0.6124719532392279,
            0.5057695321930745,
            0.4419054604996367,
            0.38599152835502043,
            0.33845895609924015,
            0.3021166693015965,
            0.2799927661022575,
            0.2530004787098783,
            0.2307933175334662,
            0.19833763051918896,
            0.17695360044993563,
            0.170100099259317,
            0.14808124212965793,
            0.1425195610197901,
            0.12384043241626203,
            0.11282740177345042,
            0.09269425973883842,
            0.09140491305071943,
            0.08409249026222711
        ],
        [
            1.1119007424697844,
            0.7356700849338496,
            0.583776121645449,
            0.5038599252022317,
            0.44018663087686927,
            0.3905851084041278,
            0.3499780247256774,
            0.3110166652163305,
            0.2797589769756543,
            0.2594262470244798,
            0.22399977946980404,
            0.2020927234030732,
            0.19008170553127823,
            0.1683764528503955,
            0.15057841523212806,
            0.1294369326029901,
            0.12658796434433126,
            0.1112070576058976,
            0.09605484758963796,
            0.08599793653971399,
            0.08321256228903456,
            0.07505928095681369
        ],
        [
            1.125463956410123,
            0.7640911153168818,
            0.6035295205760453,
            0.5107817124396153,
            0.43887430828551144,
            0.3879274454774316,
            0.347516720861683,
            0.3105738762473284,
            0.2793549863730407,
            0.25384145711398204,
            0.22167490706723056,
            0.2011059310848911,
            0.18685371919832738,
            0.16879160626978643,
            0.1532939334877661,
            0.13794439542427325,
            0.11851348592163642,
            0.11478838532274153,
            0.10438466631176103
        ]
    ],
    "val_loss": 0.2562694913769071,
    "val_loss_curve": [
        [
            0.8680783099915883,
            0.6530664110020415,
            0.5552208267968811,
            0.5008705135383834,
            0.46636979428617514,
            0.4323455509538316,
            0.39268524142313904,
            0.3865395588529207,
            0.350545617113885,
            0.32526259310543537,
            0.34765550336634665,
            0.3241273004383053,
            0.2988302347550092,
            0.3261544253782382,
            0.3115254437729512,
            0.28525829828927957,
            0.2661284286064759,
            0.26090538842971944,
            0.2562694913769071,
            0.2923852157625944,
            0.25947903978282727,
            0.279817088385119
        ],
        [
            0.862088219147839,
            0.6393495906297475,
            0.5529071952484242,
            0.49659365247169585,
            0.4665227381333913,
            0.43017213124373593,
            0.413355206172875,
            0.39881720165530704,
            0.37424878662209704,
            0.3482452435642226,
            0.3401316472660903,
            0.35301823326871307,
            0.3145328207907892,
            0.34524292994788147,
            0.29571577805502675,
            0.28258222902483904,
            0.26907196264292993,
            0.3564064589814261,
            0.2444567050466279,
            0.2646043520087491,
            0.2683611464501703,
            0.2551333050003151
        ],
        [
            0.9018916963306192,
            0.7114291811642581,
            0.6039716997375227,
            0.524894647249212,
            0.4965675375232958,
            0.49861100617132775,
            0.45098229962694525,
            0.4445960624653795,
            0.42058366846471823,
            0.39666155483318516,
            0.40102088193039165,
            0.385226475259876,
            0.3673081920475839,
            0.3798442822418571,
            0.38001006078581034,
            0.3585979969285378,
            0.34685999716469407,
            0.3242178231390825,
            0.35812648152533844,
            0.3490274900657026,
            0.3628173247051476
        ],
        [
            0.8578499002407675,
            0.6383385321457092,
            0.5605964382523543,
            0.508457210297658,
            0.4681271306774898,
            0.4555946721197808,
            0.4056729485012897,
            0.39262581043175027,
            0.40187709534234584,
            0.35112992308600105,
            0.34676298972423353,
            0.3325830458580478,
            0.35005750443207495,
            0.32626569852207415,
            0.3105570014354084,
            0.32048877359253086,
            0.3209952314205672,
            0.3096710431185385,
            0.2973933880815796,
            0.3315728192890624,
            0.3387410009594009,
            0.3418758261409805
        ],
        [
            0.8814821326977587,
            0.6930886859150782,
            0.6076167271000473,
            0.5190162849038431,
            0.5810635405375737,
            0.4345632967449827,
            0.4416138726120738,
            0.41522603362722144,
            0.36708233769255855,
            0.37028116835855357,
            0.35749747553798017,
            0.37123851710770994,
            0.32743649556594967,
            0.31865281892034597,
            0.32041111494269386,
            0.3129234566649881,
            0.3173120011438124,
            0.36538386945953605,
            0.3375131663761089
        ]
    ],
    "cf_report": {
        "0": {
            "precision": 0.9444444444444444,
            "recall": 0.9315068493150684,
            "f1-score": 0.9379310344827585,
            "support": 146.0
        },
        "1": {
            "precision": 0.9236641221374045,
            "recall": 0.8962962962962961,
            "f1-score": 0.9097744360902255,
            "support": 135.0
        },
        "2": {
            "precision": 0.9263803680981596,
            "recall": 0.9151515151515153,
            "f1-score": 0.9207317073170731,
            "support": 165.0
        },
        "3": {
            "precision": 0.8958333333333334,
            "recall": 0.9485294117647058,
            "f1-score": 0.9214285714285715,
            "support": 136.0
        },