{
    "model_name": "mBERT",
    "train_loss": 0.3565113174991484,
    "train_loss_curve": [
        [
            1.3392602790057455,
            1.1866831056440819,
            1.0336425869735246,
            0.9078062611961693,
            0.8371996601781075,
            0.7650008084463704,
            0.7120916191808546,
            0.6770312636194565,
            0.6402132951452867,
            0.6161666984551448,
            0.5938096700485834,
            0.5590155295182749,
            0.5296418823532223,
            0.510701594723843,
            0.49233701185057666,
            0.47396863316573024,
            0.44614964035016413,
            0.4275482072418114,
            0.41206518367422534,
            0.3869016618304646,
            0.3678774778055878,
            0.3565113174991484,
            0.3443778623647578,
            0.32387702233282867,
            0.3088356383725732
        ],
        [
            1.3221518005087614,
            1.1453515105333525,
            0.9916637825597193,
            0.880132571963715,
            0.801396755251995,
            0.7427421076882541,
            0.7093650875581089,
            0.6618634319425756,
            0.6315644466193374,
            0.6002770326295516,
            0.5748253601100743,
            0.5594906779550195,
            0.5277989158387651,
            0.5019094552940775,
            0.4822576962974678,
            0.4596078570586504,
            0.44213711866897715,
            0.43490553951319755,
            0.39864799096105025,
            0.3868923908190744,
            0.3745786938400254,
            0.35897723775632245,
            0.35381696111669836
        ],
        [
            1.3213664568781442,
            1.1651184130268,
            0.9995180501048917,
            0.8833023055722213,
            0.8054713819854448,
            0.7498413892110803,
            0.7096720041764766,
            0.6638532418540048,
            0.6356461230806264,
            0.5945431989028768,
            0.59134824971486,
            0.5365800475541669,
            0.5263281515735454,
            0.5045001848162347,
            0.4739922110112928,
            0.46060705296311183,
            0.44467814508313475,
            0.4124265545947138,
            0.41205814333082114,
            0.38835193367540527,
            0.36697384568981034,
            0.3548701219516726,
            0.3466293069628416,
            0.32047398132192056,
            0.3134226778928587
        ],
        [
            1.3256091212284113,
            1.149037193391741,
            0.983966271133767,
            0.8819042211494494,
            0.8090716924812785,
            0.7536314058011955,
            0.7091264176691315,
            0.6701546831766969,
            0.645310252008774,
            0.6084299481688291,
            0.5841272624267131,
            0.5530109123016397,
            0.5366124646846986,
            0.49600982155228396,
            0.4766336491817922
        ],
        [
            1.31757430358441,
            1.1350914029423724,
            0.9730170887616492,
            0.8772503685500613,
            0.8042897029021352,
            0.7559001149539276,
            0.7184376868057701,
            0.66946392210002,
            0.6337396148784259,
            0.6161647536807863,
            0.5685442340307424,
            0.548596069922421,
            0.5272223859244504,
            0.4983272134579232,
            0.47843440643854157
        ]
    ],
    "val_loss": 0.5652319202677998,
    "val_loss_curve": [
        [
            1.2603854002201393,
            1.108914613315504,
            0.9603716757607786,
            0.8633653912438105,
            0.8109101044805083,
            0.7799173621971109,
            0.7269264514723869,
            0.7263283122279872,
            0.6951107782860325,
            0.7081673138660111,
            0.6688891918181556,
            0.647629423041458,
            0.6363424685821958,
            0.6471203305847841,
            0.6321221803863571,
            0.6401594595294701,
            0.6318068481624535,
            0.6441650756519951,
            0.601392372370991,
            0.5879464403738919,
            0.6068734543091835,
            0.5652319202677998,
            0.5921343167133833,
            0.5797666858511734,
            0.6015265667747247
        ],
        [
            1.2473899072980228,
            1.0841694825316128,
            0.9656813924443232,
            0.8894124108634583,
            0.8791929454836127,
            0.7982006946400012,
            0.7600634584892286,
            0.7633401690280601,
            0.7283071060090849,
            0.7104738113814837,
            0.7726006266495137,
            0.6996650257441279,
            0.68978569174364,
            0.6982082083106858,
            0.6921368157618666,
            0.6635616947322676,
            0.866635516311412,
            0.64701107338275,
            0.6646810161613234,
            0.6128303159972373,
            0.6246025611021339,
            0.6160211549331881,
            0.6973550968663129
        ],
        [
            1.2484816520997923,
            1.0966790738987595,
            1.0064685254880827,
            0.8888116923913564,
            0.849503560425484,
            0.8325538355601977,
            0.8355636789578281,
            0.7475196298160781,
            0.7457944681893472,
            0.7732418369093578,
            0.7071948992216015,
            0.7042438334925738,
            0.6674392536180477,
            0.7092343655555216,
            0.6951114118277822,
            0.6588092992362911,
            0.6674263917726196,
            0.6448974385602425,
            0.7104617482280895,
            0.6223703167362981,
            0.6751255390412901,
            0.6172068861172828,
            0.6621890950259076,
            0.6263794834208866,
            0.6412345927642429
        ],
        [
            1.2338691733471334,
            1.0486997790532568,
            0.9209188006001793,
            0.8611682636076456,
            0.8317399816970302,
            0.7926243920746732,
            0.7768157926732546,
            0.7339439602083948,
            0.7057879518666496,
            0.7749849229744853,
            0.7139828191840485,
            0.6785813569512269,
            0.6911791246129225,
            0.6928875168453749,
            0.7174363290533832
        ],
        [
            1.228006704212868,
            1.0688697983549065,
            0.9398088269445994,
            0.8724462080695857,
            0.8323467237083879,
            0.7848112086880289,
            0.7643871588555917,
            0.7559768922678004,
            0.7500138869126366,
            0.6947737848513746,
            0.6887751637052183,
            0.665356833411202,
            0.6847628134315553,
            0.6980738725053938,
            0.7200329652668475
        ]
    ],
    "cf_report": {
        "0": {
            "precision": 0.8873239436619718,
            "recall": 0.863013698630137,
            "f1-score": 0.875,
            "support": 146.0
        },
        "1": {
            "precision": 0.8534482758620691,
            "recall": 0.7333333333333333,
            "f1-score": 0.7888446215139442,
            "support": 135.0
        },
        "2": {
            "precision": 0.7486338797814208,
            "recall": 0.8303030303030303,
            "f1-score": 0.7873563218390806,
            "support": 165.0
        },
        "3": {
            "precision": 0.7730496453900709,
            "recall": 0.8014705882352942,
            "f1-score": 0.7870036101083034,
            "support": 136.0
        },
        "accuracy": 0.8092783505154639,
        "macro avg": {
            "precision": 0.8156139361738832,
            "recall": 0.8070301626254487,
            "f1-score": 0.8095511383653321,
            "support": 582.0
        },