{
    "model_name": "BERTimbau_data_augmentation",
    "accuracy": 0.8909090909090909,
    "cf_report": {
        "0": {
            "precision": 0.9775280898876404,
            "recall": 0.9886363636363636,
            "f1-score": 0.983050847457627,
            "support": 88.0
        },
        "1": {
            "precision": 1.0,
            "recall": 0.9512195121951219,
            "f1-score": 0.975,
            "support": 82.0
        },
        "2": {
            "precision": 0.8936170212765957,
            "recall": 0.9545454545454546,
            "f1-score": 0.9230769230769231,
            "support": 88.0
        },
        "3": {
            "precision": 1.0,
            "recall": 0.9523809523809523,
            "f1-score": 0.975609756097561,
            "support": 42.0
        },
        "4": {
            "precision": 1.0,
            "recall": 1.0,
            "f1-score": 1.0,
            "support": 5.0
        },
        "5": {
            "precision": 0.6666666666666666,
            "recall": 0.6666666666666666,
            "f1-score": 0.6666666666666666,
            "support": 3.0
        },
        "6": {
            "precision": 1.0,
            "recall": 0.7916666666666666,
            "f1-score": 0.8837209302325582,
            "support": 24.0
        },
        "micro avg": {
            "precision": 0.9603658536585366,
            "recall": 0.9487951807228916,
            "f1-score": 0.9545454545454547,
            "support": 332.0
        },
        "macro avg": {
            "precision": 0.9339731111187005,
            "recall": 0.9007308022987467,
            "f1-score": 0.9153035890759051,
            "support": 332.0
        },
        "weighted avg": {
            "precision": 0.9628336439230506,
            "recall": 0.9487951807228916,
            "f1-score": 0.9544402285804802,
            "support": 332.0
        },
        "samples avg": {
            "precision": 0.9348484848484848,
            "recall": 0.95,
            "f1-score": 0.9380303030303029,
            "support": 332.0
        }
    },
    "hammingLoss": 0.01948051948051948,
    "training_time": 8562.64941573143
}