{
  "best_metric": 0.02492806687951088,
  "best_model_checkpoint": "/var/projetos/Jupyterhubstorage/victor.silva/HelBERTModel/Modelos/Indicios/CrossValidation/Chunks/jurisBERT_fold_2/checkpoint-2544",
  "epoch": 6.998624484181568,
  "eval_steps": 500,
  "global_step": 2544,
  "is_hyper_param_search": false,
  "is_local_process_zero": true,
  "is_world_process_zero": true,
  "log_history": [
    {
      "epoch": 1.0,
      "eval_accuracy": 0.5357142857142857,
      "eval_cf_report": {
        "0": {
          "f1-score": 0.0,
          "precision": 0.0,
          "recall": 0.0,
          "support": 24.0
        },
        "1": {
          "f1-score": 0.0,
          "precision": 0.0,
          "recall": 0.0,
          "support": 20.0
        },
        "2": {
          "f1-score": 0.869215291750503,
          "precision": 0.7883211678832117,
          "recall": 0.968609865470852,
          "support": 223.0
        },
        "3": {
          "f1-score": 0.0,
          "precision": 0.0,
          "recall": 0.0,
          "support": 8.0
        },
        "4": {
          "f1-score": 0.3409090909090909,
          "precision": 0.6818181818181818,
          "recall": 0.22727272727272727,
          "support": 66.0
        },
        "5": {
          "f1-score": 0.5142857142857142,
          "precision": 0.5510204081632653,
          "recall": 0.48214285714285715,
          "support": 56.0
        },
        "6": {
          "f1-score": 0.0,
          "precision": 0.0,
          "recall": 0.0,
          "support": 10.0
        },
        "macro avg": {
          "f1-score": 0.24634429956361545,
          "precision": 0.2887371082663798,
          "recall": 0.23971792141234807,
          "support": 407.0
        },
        "micro avg": {
          "f1-score": 0.6861702127659575,
          "precision": 0.7478260869565218,
          "recall": 0.6339066339066339,
          "support": 407.0
        },
        "samples avg": {
          "f1-score": 0.5699633699633699,
          "precision": 0.6304945054945055,
          "recall": 0.5512820512820513,
          "support": 407.0
        },
        "weighted avg": {
          "f1-score": 0.6022973220156318,
          "precision": 0.6183114577275162,
          "recall": 0.6339066339066339,
          "support": 407.0
        }
      },
      "eval_hammingLoss": 0.09262166405023547,
      "eval_loss": 0.0561673603951931,
      "eval_runtime": 11.8802,
      "eval_samples_per_second": 30.639,
      "eval_steps_per_second": 30.639,
      "step": 363
    },
    {
      "epoch": 1.38,
      "grad_norm": 0.551655113697052,
      "learning_rate": 9.540863177226815e-06,
      "loss": 0.0679,
      "step": 500
    },
    {
      "epoch": 2.0,
      "eval_accuracy": 0.6538461538461539,
      "eval_cf_report": {
        "0": {
          "f1-score": 0.15384615384615385,
          "precision": 1.0,
          "recall": 0.08333333333333333,
          "support": 24.0
        },
        "1": {
          "f1-score": 0.37037037037037035,
          "precision": 0.7142857142857143,
          "recall": 0.25,
          "support": 20.0
        },
        "2": {
          "f1-score": 0.9090909090909091,
          "precision": 0.842911877394636,
          "recall": 0.9865470852017937,
          "support": 223.0
        },
        "3": {
          "f1-score": 0.0,
          "precision": 0.0,
          "recall": 0.0,
          "support": 8.0
        },
        "4": {
          "f1-score": 0.6779661016949152,
          "precision": 0.7692307692307693,
          "recall": 0.6060606060606061,
          "support": 66.0
        },
        "5": {
          "f1-score": 0.7476635514018691,
          "precision": 0.7843137254901961,
          "recall": 0.7142857142857143,
          "support": 56.0
        },
        "6": {
          "f1-score": 0.18181818181818182,
          "precision": 1.0,
          "recall": 0.1,
          "support": 10.0
        },
        "macro avg": {
          "f1-score": 0.43439360974605706,
          "precision": 0.7301060123430451,
          "recall": 0.39146096269734965,
          "support": 407.0
        },
        "micro avg": {
          "f1-score": 0.7887323943661971,
          "precision": 0.8235294117647058,
          "recall": 0.7567567567567568,
          "support": 407.0
        },
        "samples avg": {
          "f1-score": 0.6363553113553113,
          "precision": 0.6675824175824175,
          "recall": 0.6391941391941391,
          "support": 407.0
        },
        "weighted avg": {
          "f1-score": 0.7426537868195054,
          "precision": 0.8131347969076164,
          "recall": 0.7567567567567568,
          "support": 407.0
        }
      },
      "eval_hammingLoss": 0.06475667189952904,
      "eval_loss": 0.043114181607961655,
      "eval_runtime": 11.8419,
      "eval_samples_per_second": 30.738,
      "eval_steps_per_second": 30.738,
      "step": 727
    },
    {
      "epoch": 2.75,
      "grad_norm": 0.5473676323890686,
      "learning_rate": 9.081726354453628e-06,
      "loss": 0.0411,
      "step": 1000
    },
    {
      "epoch": 3.0,
      "eval_accuracy": 0.7747252747252747,
      "eval_cf_report": {
        "0": {
          "f1-score": 0.36363636363636365,
          "precision": 0.6666666666666666,
          "recall": 0.25,
          "support": 24.0
        },
        "1": {
          "f1-score": 0.761904761904762,
          "precision": 0.7272727272727273,
          "recall": 0.8,
          "support": 20.0
        },
        "2": {
          "f1-score": 0.9313304721030042,
          "precision": 0.8930041152263375,
          "recall": 0.9730941704035875,
          "support": 223.0
        },
        "3": {
          "f1-score": 0.0,
          "precision": 0.0,
          "recall": 0.0,
          "support": 8.0
        },
        "4": {
          "f1-score": 0.8551724137931035,
          "precision": 0.7848101265822784,
          "recall": 0.9393939393939394,
          "support": 66.0
        },
        "5": {
          "f1-score": 0.8807339449541285,
          "precision": 0.9056603773584906,
          "recall": 0.8571428571428571,
          "support": 56.0
        },
        "6": {
          "f1-score": 0.33333333333333337,
          "precision": 1.0,
          "recall": 0.2,
          "support": 10.0
        },
        "macro avg": {
          "f1-score": 0.5894444699606707,
          "precision": 0.7110591447295,
          "recall": 0.5742329952771977,
          "support": 407.0
        },
        "micro avg": {
          "f1-score": 0.8613496932515338,
          "precision": 0.8602941176470589,
          "recall": 0.8624078624078624,
          "support": 407.0
        },
        "samples avg": {
          "f1-score": 0.7102564102564102,
          "precision": 0.7197802197802198,
          "recall": 0.7220695970695971,
          "support": 407.0
        },
        "weighted avg": {
          "f1-score": 0.8372183705293543,
          "precision": 0.8407858027701074,
          "recall": 0.8624078624078624,
          "support": 407.0
        }
      },
      "eval_hammingLoss": 0.04434850863422292,
      "eval_loss": 0.03226102143526077,
      "eval_runtime": 11.8339,
      "eval_samples_per_second": 30.759,
      "eval_steps_per_second": 30.759,
      "step": 1090
    },
    {
      "epoch": 4.0,
      "eval_accuracy": 0.8186813186813187,
      "eval_cf_report": {
        "0": {
          "f1-score": 0.4761904761904762,
          "precision": 0.5555555555555556,
          "recall": 0.4166666666666667,
          "support": 24.0
        },
        "1": {
          "f1-score": 0.7272727272727272,
          "precision": 0.6666666666666666,
          "recall": 0.8,
          "support": 20.0
        },
        "2": {
          "f1-score": 0.9409190371991246,
          "precision": 0.9188034188034188,
          "recall": 0.9641255605381166,
          "support": 223.0
        },
        "3": {
          "f1-score": 0.0,
          "precision": 0.0,
          "recall": 0.0,