{
    "model_name": "HelBERT-base-uncased",
    "train_loss": 0.260939502247248,
    "val_loss": 0.3737505489372796,
    "precisao": 0.8731721687150973,
    "recall": 0.8719111821226116,
    "f1": 0.8715475941810299,
    "acuracia": 0.8719111821226116,
    "hloss": 0.1280888178773884,
    "training_time_epoch": [
        141.36182146602206,
        138.59145082126963,
        139.3862661043803,
        137.41671557724476,
        140.24766041551317
    ],
    "mean_training_time_epoch": 139.40078287688598,
    "f1_curve": [
        [
            0.6107119518505721,
            0.7484860241811134,
            0.7872369620857801,
            0.8138377744099511,
            0.8173809343151802,
            0.8448410978227191,
            0.83717285310472,
            0.8537360255018888,
            0.836855671852042,
            0.8431462756156549
        ],
        [
            0.6400688631518109,
            0.7837614300322631,
            0.7892697302903943,
            0.8157945963574843,
            0.8236623600919355,
            0.8477545991272157,
            0.8522666226690125,
            0.8717713526819739,
            0.8705724133282807,
            0.8689732213917428,
            0.8535473981757615,
            0.8572154549287815
        ],
        [
            0.5790150522680868,
            0.7314504505454551,
            0.7968379004302052,
            0.7821869822516228,
            0.8214867023502505,
            0.8312315687830494,
            0.8177833927127115,
            0.8213027460196024,
            0.8350554756023959,
            0.8455696773444602,
            0.8577033640038509,
            0.8382879289241955,
            0.8444393113358412,
            0.8512371035770441,
            0.8536843844619146,
            0.8546863632759347
        ],
        [
            0.6330425839347923,
            0.738191408892292,
            0.7767139807714191,
            0.8170610926823035,
            0.8383283630960655,
            0.8124431495074289,
            0.8299471151005515,
            0.8309449686209845,
            0.8340947537381794,
            0.8513445055059472,
            0.851103099346659,
            0.859827868610469,
            0.8490519215991752,
            0.8715150035435949,
            0.8663522208128556,
            0.859550522827492,
            0.86734006759654
        ],
        [
            0.6852555309643653,
            0.7789375362331274,
            0.809646251868343,
            0.8120730958126573,
            0.8378933965859864,
            0.846925749245552,
            0.850472920765486,
            0.8441776523119057,
            0.8584035288122264,
            0.8792901269317611,
            0.8733154565890533,
            0.888687887357339,
            0.8808826974663735,
            0.8880681032867492,
            0.8822730137944397
        ]
    ],
    "epochs_per_fold": [
        9,
        11,
        15,
        16,
        14
    ],
    "mean_epochs": 13.0
}