{
    "model_name": "LegalBERT-pt-sc",
    "train_loss": 0.30535768725578544,
    "val_loss": 0.3683525693611564,
    "precisao": 0.8896463615982432,
    "recall": 0.8901869158878505,
    "f1": 0.8896889704785659,
    "acuracia": 0.8901869158878505,
    "hloss": 0.10981308411214954,
    "training_time_epoch": [
        139.14744892385272,
        143.87361110340464,
        140.78446299379522,
        133.46839747709387,
        138.80786719322205
    ],
    "mean_training_time_epoch": 139.2163575382737,
    "f1_curve": [
        [
            0.4627186795175816,
            0.6405571507050031,
            0.7451471696833889,
            0.781030578536435,
            0.7829187590936754,
            0.810213024126039,
            0.8218703793955038,
            0.84424116714034,
            0.8304773268236858,
            0.8432488265914764,
            0.8627737220047641,
            0.8755066827717153,
            0.8685184149183285,
            0.8826657369517938,
            0.8414747496734076,
            0.8896889704785659,
            0.8556195290935807,
            0.8596424096153945,
            0.8724014401890636
        ],
        [
            0.5829579180900138,
            0.6364603118631619,
            0.7463961717525237,
            0.7786516666407136,
            0.7823736586997617,
            0.8210016099797164,
            0.7618582943301175,
            0.8133242826741557,
            0.8154961876578786,
            0.8157240002148075,
            0.8332106298133583,
            0.8171093428930859
        ],
        [
            0.5395422045385174,
            0.6941514799223936,
            0.6760601595409365,
            0.6813342920680814,
            0.7401360845409921,
            0.7792064648851378,
            0.7608691511777337,
            0.7904621196969721,
            0.8108457411920569,
            0.7945752736656913,
            0.8021288163608399,
            0.807180493498617
        ],
        [
            0.541674290044437,
            0.6585101385137903,
            0.7450977300817805,
            0.7550706165521893,
            0.7483940796904723,
            0.7561192301819053,
            0.7757287073709508,
            0.7794354492844604,
            0.8036795761183091,
            0.79925414132835,
            0.796883376501704,
            0.7953177934137726,
            0.8035035879920029,
            0.8093341859735302,
            0.8263779749124495,
            0.7766515080061512,
            0.8164432235768205,
            0.8090825297642287
        ],
        [
            0.5417054533706892,
            0.6992859228248832,
            0.7496599810402571,
            0.7500493440069216,
            0.7919186689206343,
            0.8018102064838815,
            0.8079025088526202,
            0.8266900491399812,
            0.829000218369406,
            0.7976544926798762,
            0.8029565646805904
        ]
    ],
    "epochs_per_fold": [
        18,
        11,
        11,
        17,
        10
    ],
    "mean_epochs": 13.4
}