{
    "model_name": "mBERT",
    "train_loss": 0.45929745347108514,
    "val_loss": 0.6289721247957688,
    "precisao": 0.7720806884150923,
    "recall": 0.7723346976296264,
    "f1": 0.7666228259496167,
    "acuracia": 0.7723346976296264,
    "hloss": 0.22766530237037363,
    "training_time_epoch": [
        141.0946365594864,
        146.19024649262428,
        141.9919899810444,
        140.21423187622656,
        140.19226109064542
    ],
    "mean_training_time_epoch": 141.9366732000054,
    "f1_curve": [
        [
            0.37232750536556747,
            0.4980859388388232,
            0.5846857896633405,
            0.6454768280614239,
            0.6875313327442034,
            0.7038198329416939,
            0.7185747415446494,
            0.7231833797543948,
            0.7290313539939955,
            0.754863919038004,
            0.7481515570969154,
            0.7586361855857434,
            0.7283471492545507
        ],
        [
            0.45325649241428567,
            0.49489309260782005,
            0.592312441552001,
            0.6568020143990854,
            0.649399444525302,
            0.7449813761493583,
            0.7102583172495306,
            0.692980961496813,
            0.72430561834536
        ],
        [
            0.3673464600318904,
            0.5792619213566607,
            0.6435744248766876,
            0.6644706679520989,
            0.6827019495385872,
            0.6983864592843493,
            0.6831713325807001,
            0.7156957275267036,
            0.7085212500300666,
            0.7359817132373001,
            0.7315513245667394,
            0.7496383720759593
        ],
        [
            0.3635786458688763,
            0.5261012640847539,
            0.5551257243968543,
            0.655412548982771,
            0.6073726735971852,
            0.6702099112267792,
            0.6793894446041402,
            0.7163632604684145,
            0.6946760660705147,
            0.6934590046143928,
            0.7441929108588395,
            0.7018071147919185,
            0.7174063507842267,
            0.7380694051461232
        ],
        [
            0.3860308986408966,
            0.5062463843282337,
            0.5715715955444021,
            0.6549310140579725,
            0.7112751504218273,
            0.704524004377936,
            0.7307489124520016,
            0.7666973649055128,
            0.7855793465349683,
            0.7724132394927734,
            0.7798172660665263,
            0.79856938740511,
            0.7726660582878967,
            0.7766193673963383
        ]
    ],
    "epochs_per_fold": [
        12,
        8,
        11,
        13,
        13
    ],
    "mean_epochs": 11.4
}