{
    "model_name": "BERTimbau",
    "train_loss": 0.2693040268972764,
    "val_loss": 0.3635282381559574,
    "precisao": 0.8776873523718217,
    "recall": 0.8770524633938146,
    "f1": 0.8761947160222109,
    "acuracia": 0.8770524633938146,
    "hloss": 0.12294753660618529,
    "training_time_epoch": [
        135.35824790367712,
        135.8771726091703,
        137.34841069308195,
        147.23123560845852,
        136.1074675321579
    ],
    "mean_training_time_epoch": 138.38450686930918,
    "f1_curve": [
        [
            0.5972712445846636,
            0.7313457591190069,
            0.7259065917499025,
            0.7788496894834922,
            0.8084496695683342,
            0.8068501209935061,
            0.8296477559217473,
            0.8181971128127534,
            0.8433343585589591,
            0.8268426334959788,
            0.8524534269468017,
            0.8537010643566705,
            0.8557874573375196,
            0.8586597082037719
        ],
        [
            0.5747061803617967,
            0.7121455839624793,
            0.8022074430667602,
            0.809232742278844,
            0.8152331945973706,
            0.8133464032779963,
            0.8445231794799422,
            0.8487109381565069,
            0.8533923258241415,
            0.8702769353037907,
            0.8465205259183864,
            0.8779602253317293,
            0.8743408579387258
        ],
        [
            0.4835863684083017,
            0.7056883297785473,
            0.782954869057633,
            0.7725335752834431,
            0.8287648635932259,
            0.8242674219477318,
            0.8141421272218781,
            0.8480468815399183,
            0.8662374301270556,
            0.8600567082304222,
            0.8566185790990335,
            0.8552904908175505
        ],
        [
            0.5698049652134151,
            0.7278957828183878,
            0.7595437801269687,
            0.7877181401048324,
            0.7205165938452235,
            0.8112247980965955,
            0.8609895260856923,
            0.8522388512007358,
            0.868813179449855,
            0.8656453836969973,
            0.8724728634400858,
            0.8723001809717643,
            0.8713424311050217,
            0.8753659414085532,
            0.8631094283841169,
            0.8615734766251373,
            0.8762498248904992
        ],
        [
            0.5874332799960438,
            0.692362955578553,
            0.7755178578451404,
            0.8020212080767243,
            0.8200027988664901,
            0.8284221500112434,
            0.8295223932364035,
            0.819171907224994,
            0.8636381414937069,
            0.8913054467783468,
            0.8566385105856003,
            0.8663919287775224,
            0.8649375240862063
        ]
    ],
    "epochs_per_fold": [
        13,
        12,
        11,
        16,
        12
    ],
    "mean_epochs": 12.8
}