{
  "best_metric": 0.030240388587117195,
  "best_model_checkpoint": "/var/projetos/Jupyterhubstorage/victor.silva/HelBERTModel/Modelos/Indicios/CrossValidation/Chunks/LegalBERT-pt-sc_fold_2/checkpoint-2544",
  "epoch": 6.998624484181568,
  "eval_steps": 500,
  "global_step": 2544,
  "is_hyper_param_search": false,
  "is_local_process_zero": true,
  "is_world_process_zero": true,
  "log_history": [
    {
      "epoch": 1.0,
      "eval_accuracy": 0.43131868131868134,
      "eval_cf_report": {
        "0": {
          "f1-score": 0.07692307692307693,
          "precision": 0.5,
          "recall": 0.041666666666666664,
          "support": 24.0
        },
        "1": {
          "f1-score": 0.09090909090909091,
          "precision": 0.5,
          "recall": 0.05,
          "support": 20.0
        },
        "2": {
          "f1-score": 0.787878787878788,
          "precision": 0.6538461538461539,
          "recall": 0.9910313901345291,
          "support": 223.0
        },
        "3": {
          "f1-score": 0.0,
          "precision": 0.0,
          "recall": 0.0,
          "support": 8.0
        },
        "4": {
          "f1-score": 0.41379310344827586,
          "precision": 0.8571428571428571,
          "recall": 0.2727272727272727,
          "support": 66.0
        },
        "5": {
          "f1-score": 0.5344827586206896,
          "precision": 0.5166666666666667,
          "recall": 0.5535714285714286,
          "support": 56.0
        },
        "6": {
          "f1-score": 0.0,
          "precision": 0.0,
          "recall": 0.0,
          "support": 10.0
        },
        "macro avg": {
          "f1-score": 0.271998116825703,
          "precision": 0.4325222396650968,
          "recall": 0.2727138225856996,
          "support": 407.0
        },
        "micro avg": {
          "f1-score": 0.655421686746988,
          "precision": 0.6430260047281324,
          "recall": 0.6683046683046683,
          "support": 407.0
        },
        "samples avg": {
          "f1-score": 0.5684981684981685,
          "precision": 0.6144688644688644,
          "recall": 0.5636446886446888,
          "support": 407.0
        },
        "weighted avg": {
          "f1-score": 0.5813333775716221,
          "precision": 0.6223893223893224,
          "recall": 0.6683046683046683,
          "support": 407.0
        }
      },
      "eval_hammingLoss": 0.11224489795918367,
      "eval_loss": 0.07555600255727768,
      "eval_runtime": 11.4157,
      "eval_samples_per_second": 31.886,
      "eval_steps_per_second": 31.886,
      "step": 363
    },
    {
      "epoch": 1.38,
      "grad_norm": 3.0972588062286377,
      "learning_rate": 9.540863177226815e-06,
      "loss": 0.0775,
      "step": 500
    },
    {
      "epoch": 2.0,
      "eval_accuracy": 0.5137362637362637,
      "eval_cf_report": {
        "0": {
          "f1-score": 0.21428571428571427,
          "precision": 0.75,
          "recall": 0.125,
          "support": 24.0
        },
        "1": {
          "f1-score": 0.0,
          "precision": 0.0,
          "recall": 0.0,
          "support": 20.0
        },
        "2": {
          "f1-score": 0.8088235294117647,
          "precision": 0.6853582554517134,
          "recall": 0.9865470852017937,
          "support": 223.0
        },
        "3": {
          "f1-score": 0.0,
          "precision": 0.0,
          "recall": 0.0,
          "support": 8.0
        },
        "4": {
          "f1-score": 0.6923076923076923,
          "precision": 0.703125,
          "recall": 0.6818181818181818,
          "support": 66.0
        },
        "5": {
          "f1-score": 0.6391752577319588,
          "precision": 0.7560975609756098,
          "recall": 0.5535714285714286,
          "support": 56.0
        },
        "6": {
          "f1-score": 0.18181818181818182,
          "precision": 1.0,
          "recall": 0.1,
          "support": 10.0
        },
        "macro avg": {
          "f1-score": 0.36234433936504457,
          "precision": 0.5563686880610462,
          "recall": 0.34956238508448634,
          "support": 407.0
        },
        "micro avg": {
          "f1-score": 0.7159904534606205,
          "precision": 0.6960556844547564,
          "recall": 0.7371007371007371,
          "support": 407.0
        },
        "samples avg": {
          "f1-score": 0.6112637362637363,
          "precision": 0.6382783882783882,
          "recall": 0.6222527472527473,
          "support": 407.0
        },
        "weighted avg": {
          "f1-score": 0.6604786440913019,
          "precision": 0.6623651213276811,
          "recall": 0.7371007371007371,
          "support": 407.0
        }
      },
      "eval_hammingLoss": 0.09340659340659341,
      "eval_loss": 0.07210882008075714,
      "eval_runtime": 11.483,
      "eval_samples_per_second": 31.699,
      "eval_steps_per_second": 31.699,
      "step": 727
    },
    {
      "epoch": 2.75,
      "grad_norm": 1.3570603132247925,
      "learning_rate": 9.081726354453628e-06,
      "loss": 0.0545,
      "step": 1000
    },
    {
      "epoch": 3.0,
      "eval_accuracy": 0.7060439560439561,
      "eval_cf_report": {
        "0": {
          "f1-score": 0.33333333333333337,
          "precision": 0.8333333333333334,
          "recall": 0.20833333333333334,
          "support": 24.0
        },
        "1": {
          "f1-score": 0.4444444444444444,
          "precision": 0.8571428571428571,
          "recall": 0.3,
          "support": 20.0
        },
        "2": {
          "f1-score": 0.8898128898128898,
          "precision": 0.8294573643410853,
          "recall": 0.9596412556053812,
          "support": 223.0
        },
        "3": {
          "f1-score": 0.0,
          "precision": 0.0,
          "recall": 0.0,
          "support": 8.0
        },
        "4": {
          "f1-score": 0.7975460122699387,
          "precision": 0.6701030927835051,
          "recall": 0.9848484848484849,
          "support": 66.0
        },
        "5": {
          "f1-score": 0.9026548672566371,
          "precision": 0.8947368421052632,
          "recall": 0.9107142857142857,
          "support": 56.0
        },
        "6": {
          "f1-score": 0.33333333333333337,
          "precision": 1.0,
          "recall": 0.2,
          "support": 10.0
        },
        "macro avg": {
          "f1-score": 0.5287321257786538,
          "precision": 0.7263962128151491,
          "recall": 0.5090767656430694,
          "support": 407.0
        },
        "micro avg": {
          "f1-score": 0.8225419664268585,
          "precision": 0.8032786885245902,
          "recall": 0.8427518427518428,
          "support": 407.0
        },
        "samples avg": {
          "f1-score": 0.6787545787545788,
          "precision": 0.6804029304029304,
          "recall": 0.7023809523809524,
          "support": 407.0
        },
        "weighted avg": {
          "f1-score": 0.7907548059623692,
          "precision": 0.8020735053378998,
          "recall": 0.8427518427518428,
          "support": 407.0
        }
      },
      "eval_hammingLoss": 0.058084772370486655,
      "eval_loss": 0.041215650737285614,
      "eval_runtime": 11.405,
      "eval_samples_per_second": 31.916,
      "eval_steps_per_second": 31.916,
      "step": 1090
    },
    {
      "epoch": 4.0,
      "eval_accuracy": 0.7005494505494505,
      "eval_cf_report": {
        "0": {
          "f1-score": 0.4117647058823529,
          "precision": 0.7,
          "recall": 0.2916666666666667,
          "support": 24.0
        },
        "1": {
          "f1-score": 0.5714285714285715,
          "precision": 1.0,
          "recall": 0.4,
          "support": 20.0
        },
        "2": {
          "f1-score": 0.8666666666666666,
          "precision": 0.7700348432055749,
          "recall": 0.9910313901345291,
          "support": 223.0
        },
        "3": {
          "f1-score": 0.0,
          "precision": 0.0,
          "recall": 0.0,