{
  "best_metric": 0.04887724295258522,
  "best_model_checkpoint": "/var/projetos/Jupyterhubstorage/victor.silva/HelBERTModel/Modelos/Indicios/CrossValidation/Chunks/mBERT_fold_1/checkpoint-1817",
  "epoch": 4.998624484181568,
  "eval_steps": 500,
  "global_step": 1817,
  "is_hyper_param_search": false,
  "is_local_process_zero": true,
  "is_world_process_zero": true,
  "log_history": [
    {
      "epoch": 1.0,
      "eval_accuracy": 0.34065934065934067,
      "eval_cf_report": {
        "0": {
          "f1-score": 0.0,
          "precision": 0.0,
          "recall": 0.0,
          "support": 24.0
        },
        "1": {
          "f1-score": 0.0,
          "precision": 0.0,
          "recall": 0.0,
          "support": 21.0
        },
        "2": {
          "f1-score": 0.7865961199294532,
          "precision": 0.6501457725947521,
          "recall": 0.9955357142857143,
          "support": 224.0
        },
        "3": {
          "f1-score": 0.0,
          "precision": 0.0,
          "recall": 0.0,
          "support": 8.0
        },
        "4": {
          "f1-score": 0.0,
          "precision": 0.0,
          "recall": 0.0,
          "support": 66.0
        },
        "5": {
          "f1-score": 0.0,
          "precision": 0.0,
          "recall": 0.0,
          "support": 56.0
        },
        "6": {
          "f1-score": 0.0,
          "precision": 0.0,
          "recall": 0.0,
          "support": 9.0
        },
        "macro avg": {
          "f1-score": 0.11237087427563618,
          "precision": 0.09287796751353602,
          "recall": 0.14221938775510204,
          "support": 408.0
        },
        "micro avg": {
          "f1-score": 0.5938748335552595,
          "precision": 0.6501457725947521,
          "recall": 0.5465686274509803,
          "support": 408.0
        },
        "samples avg": {
          "f1-score": 0.5027472527472527,
          "precision": 0.6126373626373627,
          "recall": 0.4491758241758242,
          "support": 408.0
        },
        "weighted avg": {
          "f1-score": 0.43185669329460175,
          "precision": 0.3569427771108443,
          "recall": 0.5465686274509803,
          "support": 408.0
        }
      },
      "eval_hammingLoss": 0.119701726844584,
      "eval_loss": 0.07585278898477554,
      "eval_runtime": 13.2919,
      "eval_samples_per_second": 27.385,
      "eval_steps_per_second": 27.385,
      "step": 363
    },
    {
      "epoch": 1.38,
      "grad_norm": 0.7405813336372375,
      "learning_rate": 9.540863177226815e-06,
      "loss": 0.0758,
      "step": 500
    },
    {
      "epoch": 2.0,
      "eval_accuracy": 0.5412087912087912,
      "eval_cf_report": {
        "0": {
          "f1-score": 0.0,
          "precision": 0.0,
          "recall": 0.0,
          "support": 24.0
        },
        "1": {
          "f1-score": 0.0,
          "precision": 0.0,
          "recall": 0.0,
          "support": 21.0
        },
        "2": {
          "f1-score": 0.8926829268292684,
          "precision": 0.9838709677419355,
          "recall": 0.8169642857142857,
          "support": 224.0
        },
        "3": {
          "f1-score": 0.0,
          "precision": 0.0,
          "recall": 0.0,
          "support": 8.0
        },
        "4": {
          "f1-score": 0.5871559633027523,
          "precision": 0.7441860465116279,
          "recall": 0.48484848484848486,
          "support": 66.0
        },
        "5": {
          "f1-score": 0.0,
          "precision": 0.0,
          "recall": 0.0,
          "support": 56.0
        },
        "6": {
          "f1-score": 0.0,
          "precision": 0.0,
          "recall": 0.0,
          "support": 9.0
        },
        "macro avg": {
          "f1-score": 0.21140555573314582,
          "precision": 0.24686528775050906,
          "recall": 0.18597325293753864,
          "support": 408.0
        },
        "micro avg": {
          "f1-score": 0.675039246467818,
          "precision": 0.9388646288209607,
          "recall": 0.5269607843137255,
          "support": 408.0
        },
        "samples avg": {
          "f1-score": 0.46703296703296704,
          "precision": 0.5357142857142857,
          "recall": 0.43360805860805857,
          "support": 408.0
        },
        "weighted avg": {
          "f1-score": 0.5850815421268083,
          "precision": 0.6605474898136298,
          "recall": 0.5269607843137255,
          "support": 408.0
        }
      },
      "eval_hammingLoss": 0.08124018838304553,
      "eval_loss": 0.05622067674994469,
      "eval_runtime": 13.3202,
      "eval_samples_per_second": 27.327,
      "eval_steps_per_second": 27.327,
      "step": 727
    },
    {
      "epoch": 2.75,
      "grad_norm": 0.6629804372787476,
      "learning_rate": 9.081726354453628e-06,
      "loss": 0.0536,
      "step": 1000
    },
    {
      "epoch": 3.0,
      "eval_accuracy": 0.5384615384615384,
      "eval_cf_report": {
        "0": {
          "f1-score": 0.0,
          "precision": 0.0,
          "recall": 0.0,
          "support": 24.0
        },
        "1": {
          "f1-score": 0.35714285714285715,
          "precision": 0.7142857142857143,
          "recall": 0.23809523809523808,
          "support": 21.0
        },
        "2": {
          "f1-score": 0.9111111111111111,
          "precision": 0.9070796460176991,
          "recall": 0.9151785714285714,
          "support": 224.0
        },
        "3": {
          "f1-score": 0.0,
          "precision": 0.0,
          "recall": 0.0,
          "support": 8.0
        },
        "4": {
          "f1-score": 0.5811965811965812,
          "precision": 0.6666666666666666,
          "recall": 0.5151515151515151,
          "support": 66.0
        },
        "5": {
          "f1-score": 0.4264705882352941,
          "precision": 0.3625,
          "recall": 0.5178571428571429,
          "support": 56.0
        },
        "6": {
          "f1-score": 0.0,
          "precision": 0.0,
          "recall": 0.0,
          "support": 9.0
        },
        "macro avg": {
          "f1-score": 0.3251315910979776,
          "precision": 0.3786474324242971,
          "recall": 0.3123260667903525,
          "support": 408.0
        },
        "micro avg": {
          "f1-score": 0.7072538860103628,
          "precision": 0.75,
          "recall": 0.6691176470588235,
          "support": 408.0
        },
        "samples avg": {
          "f1-score": 0.5259157509157509,
          "precision": 0.5608974358974359,
          "recall": 0.5297619047619047,
          "support": 408.0
        },
        "weighted avg": {
          "f1-score": 0.6711524906594111,
          "precision": 0.6923672566371681,
          "recall": 0.6691176470588235,
          "support": 408.0
        }
      },
      "eval_hammingLoss": 0.08869701726844584,
      "eval_loss": 0.05416290462017059,
      "eval_runtime": 13.296,
      "eval_samples_per_second": 27.377,
      "eval_steps_per_second": 27.377,
      "step": 1090
    },
    {
      "epoch": 4.0,
      "eval_accuracy": 0.5906593406593407,
      "eval_cf_report": {
        "0": {
          "f1-score": 0.0,
          "precision": 0.0,
          "recall": 0.0,
          "support": 24.0
        },
        "1": {
          "f1-score": 0.17391304347826084,
          "precision": 1.0,
          "recall": 0.09523809523809523,
          "support": 21.0
        },
        "2": {
          "f1-score": 0.9207048458149779,
          "precision": 0.908695652173913,
          "recall": 0.9330357142857143,
          "support": 224.0
        },
        "3": {
          "f1-score": 0.0,
          "precision": 0.0,
          "recall": 0.0,
          "support": 8.0
        },
        "4": {
          "f1-score": 0.6865671641791046,
          "precision": 0.6764705882352942,
          "recall": 0.696969696969697,
          "support": 66.0
        },
        "5": {
          "f1-score": 0.41666666666666663,
          "precision": 0.5,