{
  "best_metric": 0.026388579979538918,
  "best_model_checkpoint": "/var/projetos/Jupyterhubstorage/victor.silva/HelBERTModel/Modelos/Indicios/CrossValidation/Chunks/BERTimbau_fold_2/checkpoint-2544",
  "epoch": 6.998624484181568,
  "eval_steps": 500,
  "global_step": 2544,
  "is_hyper_param_search": false,
  "is_local_process_zero": true,
  "is_world_process_zero": true,
  "log_history": [
    {
      "epoch": 1.0,
      "eval_accuracy": 0.4835164835164835,
      "eval_cf_report": {
        "0": {
          "f1-score": 0.0,
          "precision": 0.0,
          "recall": 0.0,
          "support": 24.0
        },
        "1": {
          "f1-score": 0.0,
          "precision": 0.0,
          "recall": 0.0,
          "support": 20.0
        },
        "2": {
          "f1-score": 0.856,
          "precision": 0.7725631768953068,
          "recall": 0.9596412556053812,
          "support": 223.0
        },
        "3": {
          "f1-score": 0.0,
          "precision": 0.0,
          "recall": 0.0,
          "support": 8.0
        },
        "4": {
          "f1-score": 0.5054945054945055,
          "precision": 0.92,
          "recall": 0.3484848484848485,
          "support": 66.0
        },
        "5": {
          "f1-score": 0.0983606557377049,
          "precision": 0.6,
          "recall": 0.05357142857142857,
          "support": 56.0
        },
        "6": {
          "f1-score": 0.0,
          "precision": 0.0,
          "recall": 0.0,
          "support": 10.0
        },
        "macro avg": {
          "f1-score": 0.20855073731888715,
          "precision": 0.3275090252707581,
          "recall": 0.19452821895166547,
          "support": 407.0
        },
        "micro avg": {
          "f1-score": 0.6722689075630253,
          "precision": 0.7817589576547231,
          "recall": 0.5896805896805897,
          "support": 407.0
        },
        "samples avg": {
          "f1-score": 0.5444139194139194,
          "precision": 0.6195054945054945,
          "recall": 0.5132783882783883,
          "support": 407.0
        },
        "weighted avg": {
          "f1-score": 0.5645180198622821,
          "precision": 0.6550407578566424,
          "recall": 0.5896805896805897,
          "support": 407.0
        }
      },
      "eval_hammingLoss": 0.09183673469387756,
      "eval_loss": 0.061658333986997604,
      "eval_runtime": 12.5472,
      "eval_samples_per_second": 29.01,
      "eval_steps_per_second": 29.01,
      "step": 363
    },
    {
      "epoch": 1.38,
      "grad_norm": 1.3736423254013062,
      "learning_rate": 9.540863177226815e-06,
      "loss": 0.0713,
      "step": 500
    },
    {
      "epoch": 2.0,
      "eval_accuracy": 0.6758241758241759,
      "eval_cf_report": {
        "0": {
          "f1-score": 0.0,
          "precision": 0.0,
          "recall": 0.0,
          "support": 24.0
        },
        "1": {
          "f1-score": 0.3846153846153846,
          "precision": 0.8333333333333334,
          "recall": 0.25,
          "support": 20.0
        },
        "2": {
          "f1-score": 0.9057377049180327,
          "precision": 0.8339622641509434,
          "recall": 0.9910313901345291,
          "support": 223.0
        },
        "3": {
          "f1-score": 0.0,
          "precision": 0.0,
          "recall": 0.0,
          "support": 8.0
        },
        "4": {
          "f1-score": 0.8870967741935484,
          "precision": 0.9482758620689655,
          "recall": 0.8333333333333334,
          "support": 66.0
        },
        "5": {
          "f1-score": 0.7111111111111111,
          "precision": 0.9411764705882353,
          "recall": 0.5714285714285714,
          "support": 56.0
        },
        "6": {
          "f1-score": 0.0,
          "precision": 0.0,
          "recall": 0.0,
          "support": 10.0
        },
        "macro avg": {
          "f1-score": 0.41265156783401097,
          "precision": 0.5081068471630683,
          "recall": 0.3779704706994905,
          "support": 407.0
        },
        "micro avg": {
          "f1-score": 0.8129870129870129,
          "precision": 0.8622589531680441,
          "recall": 0.769041769041769,
          "support": 407.0
        },
        "samples avg": {
          "f1-score": 0.65503663003663,
          "precision": 0.6923076923076923,
          "recall": 0.6497252747252747,
          "support": 407.0
        },
        "weighted avg": {
          "f1-score": 0.7568609955971141,
          "precision": 0.7811605425597541,
          "recall": 0.769041769041769,
          "support": 407.0
        }
      },
      "eval_hammingLoss": 0.0565149136577708,
      "eval_loss": 0.041977640241384506,
      "eval_runtime": 12.5465,
      "eval_samples_per_second": 29.012,
      "eval_steps_per_second": 29.012,
      "step": 727
    },
    {
      "epoch": 2.75,
      "grad_norm": 1.9494540691375732,
      "learning_rate": 9.081726354453628e-06,
      "loss": 0.0394,
      "step": 1000
    },
    {
      "epoch": 3.0,
      "eval_accuracy": 0.7884615384615384,
      "eval_cf_report": {
        "0": {
          "f1-score": 0.21428571428571427,
          "precision": 0.75,
          "recall": 0.125,
          "support": 24.0
        },
        "1": {
          "f1-score": 0.6486486486486486,
          "precision": 0.7058823529411765,
          "recall": 0.6,
          "support": 20.0
        },
        "2": {
          "f1-score": 0.9391304347826086,
          "precision": 0.9113924050632911,
          "recall": 0.968609865470852,
          "support": 223.0
        },
        "3": {
          "f1-score": 0.0,
          "precision": 0.0,
          "recall": 0.0,
          "support": 8.0
        },
        "4": {
          "f1-score": 0.9696969696969697,
          "precision": 0.9696969696969697,
          "recall": 0.9696969696969697,
          "support": 66.0
        },
        "5": {
          "f1-score": 0.8679245283018867,
          "precision": 0.92,
          "recall": 0.8214285714285714,
          "support": 56.0
        },
        "6": {
          "f1-score": 0.18181818181818182,
          "precision": 1.0,
          "recall": 0.1,
          "support": 10.0
        },
        "macro avg": {
          "f1-score": 0.545929211076287,
          "precision": 0.7509959611002054,
          "recall": 0.512105058085199,
          "support": 407.0
        },
        "micro avg": {
          "f1-score": 0.8746803069053708,
          "precision": 0.912,
          "recall": 0.8402948402948403,
          "support": 407.0
        },
        "samples avg": {
          "f1-score": 0.7076923076923077,
          "precision": 0.7293956043956044,
          "recall": 0.7060439560439561,
          "support": 407.0
        },
        "weighted avg": {
          "f1-score": 0.8402060748782291,
          "precision": 0.8866785095526719,
          "recall": 0.8402948402948403,
          "support": 407.0
        }
      },
      "eval_hammingLoss": 0.038461538461538464,
      "eval_loss": 0.03174035996198654,
      "eval_runtime": 12.5447,
      "eval_samples_per_second": 29.016,
      "eval_steps_per_second": 29.016,
      "step": 1090
    },
    {
      "epoch": 4.0,
      "eval_accuracy": 0.7994505494505495,
      "eval_cf_report": {
        "0": {
          "f1-score": 0.631578947368421,
          "precision": 0.8571428571428571,
          "recall": 0.5,
          "support": 24.0
        },
        "1": {
          "f1-score": 0.7027027027027027,
          "precision": 0.7647058823529411,
          "recall": 0.65,
          "support": 20.0
        },
        "2": {
          "f1-score": 0.9237288135593221,
          "precision": 0.8755020080321285,
          "recall": 0.9775784753363229,
          "support": 223.0
        },
        "3": {
          "f1-score": 0.0,
          "precision": 0.0,
          "recall": 0.0,
          "support": 8.0
        },
        "4": {
          "f1-score": 0.9774436090225564,
          "precision": 0.9701492537313433,