{
    "model_name": "BERTimbau",
    "accuracy": 0.8069475978566889,
    "cf_report": {
        "0": {
            "precision": 0.8180423157405254,
            "recall": 0.6786666666666666,
            "f1-score": 0.7392549055000264,
            "support": 24.4
        },
        "1": {
            "precision": 0.7524257703081232,
            "recall": 0.6995238095238095,
            "f1-score": 0.7191450170140798,
            "support": 20.6
        },
        "2": {
            "precision": 0.9135428574902049,
            "recall": 0.940066463805253,
            "f1-score": 0.9264143238592876,
            "support": 223.6
        },
        "3": {
            "precision": 0.6833333333333333,
            "recall": 0.225,
            "f1-score": 0.32626262626262625,
            "support": 8.0
        },
        "4": {
            "precision": 0.9514396260176312,
            "recall": 0.9454545454545455,
            "f1-score": 0.94809680418155,
            "support": 66.0
        },
        "5": {
            "precision": 0.857894483580665,
            "recall": 0.893796992481203,
            "f1-score": 0.8743875092082474,
            "support": 56.4
        },
        "6": {
            "precision": 0.8044444444444444,
            "recall": 0.5111111111111111,
            "f1-score": 0.6170634920634921,
            "support": 9.4
        },
        "micro avg": {
            "precision": 0.8950128874312406,
            "recall": 0.8829915306354085,
            "f1-score": 0.8889310062973561,
            "support": 408.4
        },
        "macro avg": {
            "precision": 0.825874690130704,
            "recall": 0.6990885127203699,
            "f1-score": 0.73580352544133,
            "support": 408.4
        },
        "weighted avg": {
            "precision": 0.8912930322991148,
            "recall": 0.8829915306354085,
            "f1-score": 0.8823300471939932,
            "support": 408.4
        },
        "samples avg": {
            "precision": 0.7272674295401569,
            "recall": 0.7217204512659058,
            "f1-score": 0.7147953057043968,
            "support": 408.4
        }
    },
    "hammingLoss": 0.03543642504681466,
    "training_time": 2079.8919093608856
}