{
    "model_name": "BERTimbau",
    "accuracy": 0.820134411043502,
    "cf_report": {
        "0": {
            "precision": 0.878264663052656,
            "recall": 0.7286666666666666,
            "f1-score": 0.795012585882235,
            "support": 24.4
        },
        "1": {
            "precision": 0.7803150983713644,
            "recall": 0.7280952380952381,
            "f1-score": 0.7485942128047391,
            "support": 20.6
        },
        "2": {
            "precision": 0.9278084442004955,
            "recall": 0.9356101857783472,
            "f1-score": 0.9315006215508095,
            "support": 223.6
        },
        "3": {
            "precision": 0.75,
            "recall": 0.25,
            "f1-score": 0.36262626262626263,
            "support": 8.0
        },
        "4": {
            "precision": 0.9467624731051842,
            "recall": 0.9636363636363636,
            "f1-score": 0.954874207772507,
            "support": 66.0
        },
        "5": {
            "precision": 0.8632412123236202,
            "recall": 0.893796992481203,
            "f1-score": 0.8781216534589849,
            "support": 56.4
        },
        "6": {
            "precision": 0.8111111111111111,
            "recall": 0.49333333333333335,
            "f1-score": 0.5950854700854702,
            "support": 9.4
        },
        "micro avg": {
            "precision": 0.9084216603875047,
            "recall": 0.8878959002456603,
            "f1-score": 0.8980383742588405,
            "support": 408.4
        },
        "macro avg": {
            "precision": 0.8510718574520617,
            "recall": 0.7133055399987359,
            "f1-score": 0.7522592877401441,
            "support": 408.4
        },
        "weighted avg": {
            "precision": 0.9054939978312907,
            "recall": 0.8878959002456603,
            "f1-score": 0.8916261333637763,
            "support": 408.4
        },
        "samples avg": {
            "precision": 0.7291905064632338,
            "recall": 0.7235519530974076,
            "f1-score": 0.7177806536897446,
            "support": 408.4
        }
    },
    "hammingLoss": 0.032375200557018737,
    "training_time": 2080.623059988022
}