{
    "model_name": "HelBERT-uncased-fs-6",
    "accuracy": 0.8487345987345988,
    "cf_report": {
        "0": {
            "precision": 0.8941353383458648,
            "recall": 0.6143333333333334,
            "f1-score": 0.7263719552581243,
            "support": 24.4
        },
        "1": {
            "precision": 0.9185714285714287,
            "recall": 0.8057142857142857,
            "f1-score": 0.8539372822299651,
            "support": 20.6
        },
        "2": {
            "precision": 0.9429400865239742,
            "recall": 0.9570667841127483,
            "f1-score": 0.9499014017968321,
            "support": 223.6
        },
        "3": {
            "precision": 0.6,
            "recall": 0.125,
            "f1-score": 0.20444444444444443,
            "support": 8.0
        },
        "4": {
            "precision": 0.9620203366285456,
            "recall": 0.9818181818181818,
            "f1-score": 0.9715292859874903,
            "support": 66.0
        },
        "5": {
            "precision": 0.9023587689868073,
            "recall": 0.9362155388471178,
            "f1-score": 0.9183292228577425,
            "support": 56.4
        },
        "6": {
            "precision": 0.9333333333333333,
            "recall": 0.36222222222222217,
            "f1-score": 0.5161172161172162,
            "support": 9.4
        },
        "micro avg": {
            "precision": 0.9363943444458341,
            "recall": 0.9001174188615465,
            "f1-score": 0.9178795242507626,
            "support": 408.4
        },
        "macro avg": {
            "precision": 0.879051327484279,
            "recall": 0.683195763721127,
            "f1-score": 0.7343758298131164,
            "support": 408.4
        },
        "weighted avg": {
            "precision": 0.9293954960539462,
            "recall": 0.9001174188615465,
            "f1-score": 0.9062777996268323,
            "support": 408.4
        },
        "samples avg": {
            "precision": 0.7484454939000393,
            "recall": 0.7358361335634063,
            "f1-score": 0.733867243867244,
            "support": 408.4
        }
    },
    "hammingLoss": 0.025852718709861566,
    "training_time": 1416.6200890541077
}