{
    "model_name": "HelBERT-uncased-fs-6",
    "accuracy": 0.8608452153906698,
    "cf_report": {
        "0": {
            "precision": 0.9394618453441984,
            "recall": 0.6556666666666666,
            "f1-score": 0.766813393443163,
            "support": 24.4
        },
        "1": {
            "precision": 0.8939999999999999,
            "recall": 0.8261904761904763,
            "f1-score": 0.8511371237458194,
            "support": 20.6
        },
        "2": {
            "precision": 0.9407348217480844,
            "recall": 0.9615390775144139,
            "f1-score": 0.9509222403688653,
            "support": 223.6
        },
        "3": {
            "precision": 0.8933333333333333,
            "recall": 0.35,
            "f1-score": 0.48267288267288266,
            "support": 8.0
        },
        "4": {
            "precision": 0.968172768453179,
            "recall": 0.9939393939393939,
            "f1-score": 0.9806686140138146,
            "support": 66.0
        },
        "5": {
            "precision": 0.9292911231069126,
            "recall": 0.8902882205513786,
            "f1-score": 0.9080205798789869,
            "support": 56.4
        },
        "6": {
            "precision": 0.9,
            "recall": 0.47111111111111115,
            "f1-score": 0.6070512820512821,
            "support": 9.4
        },
        "micro avg": {
            "precision": 0.9390643123778384,
            "recall": 0.9084520033803333,
            "f1-score": 0.9232867036469757,
            "support": 408.4
        },
        "macro avg": {
            "precision": 0.9235705559979582,
            "recall": 0.7355335637104915,
            "f1-score": 0.7924694451678305,
            "support": 408.4
        },
        "weighted avg": {
            "precision": 0.9393062935794141,
            "recall": 0.9084520033803333,
            "f1-score": 0.9165932168191798,
            "support": 408.4
        },
        "samples avg": {
            "precision": 0.7536720854902674,
            "recall": 0.7418455282091646,
            "f1-score": 0.7400071140980232,
            "support": 408.4
        }
    },
    "hammingLoss": 0.024201123551772903,
    "training_time": 1877.4670464992523
}