{
    "model_name": "jurisBERT",
    "accuracy": 0.8157372930100204,
    "cf_report": {
        "0": {
            "precision": 0.7483649588867805,
            "recall": 0.6540000000000001,
            "f1-score": 0.6901722802942315,
            "support": 24.4
        },
        "1": {
            "precision": 0.7528831168831169,
            "recall": 0.7204761904761905,
            "f1-score": 0.7262489557226399,
            "support": 20.6
        },
        "2": {
            "precision": 0.9338772684384138,
            "recall": 0.9508167841127483,
            "f1-score": 0.9419053271298065,
            "support": 223.6
        },
        "3": {
            "precision": 0.5,
            "recall": 0.25,
            "f1-score": 0.29444444444444445,
            "support": 8.0
        },
        "4": {
            "precision": 0.971366569563177,
            "recall": 0.9272727272727274,
            "f1-score": 0.948322066128487,
            "support": 66.0
        },
        "5": {
            "precision": 0.8709184689826973,
            "recall": 0.9184837092731831,
            "f1-score": 0.8924807105203699,
            "support": 56.4
        },
        "6": {
            "precision": 0.785,
            "recall": 0.44666666666666666,
            "f1-score": 0.5559803921568627,
            "support": 9.4
        },
        "micro avg": {
            "precision": 0.9043928832808541,
            "recall": 0.8878994902702834,
            "f1-score": 0.8959059353338266,
            "support": 408.4
        },
        "macro avg": {
            "precision": 0.7946300546791695,
            "recall": 0.6953880111145022,
            "f1-score": 0.7213648823424059,
            "support": 408.4
        },
        "weighted avg": {
            "precision": 0.8991530020500657,
            "recall": 0.8878994902702834,
            "f1-score": 0.8886777781141489,
            "support": 408.4
        },
        "samples avg": {
            "precision": 0.7315704497522679,
            "recall": 0.725562568744387,
            "f1-score": 0.7184965034965034,
            "support": 408.4
        }
    },
    "hammingLoss": 0.033082501913670743,
    "training_time": 1314.4124639034271
}