{
    "model_name": "LegalBERT-pt-sc",
    "accuracy": 0.742571065298338,
    "cf_report": {
        "0": {
            "precision": 0.6468398268398269,
            "recall": 0.4496666666666666,
            "f1-score": 0.5225803639533617,
            "support": 24.4
        },
        "1": {
            "precision": 0.7160256410256409,
            "recall": 0.49952380952380954,
            "f1-score": 0.5580605640834206,
            "support": 20.6
        },
        "2": {
            "precision": 0.8918863636784857,
            "recall": 0.9382607303010891,
            "f1-score": 0.913910254842572,
            "support": 223.6
        },
        "3": {
            "precision": 0.42666666666666664,
            "recall": 0.175,
            "f1-score": 0.23944055944055945,
            "support": 8.0
        },
        "4": {
            "precision": 0.86421988490954,
            "recall": 0.8878787878787879,
            "f1-score": 0.8739507355830554,
            "support": 66.0
        },
        "5": {
            "precision": 0.8421319891847606,
            "recall": 0.8694862155388471,
            "f1-score": 0.8514205472100208,
            "support": 56.4
        },
        "6": {
            "precision": 0.8600000000000001,
            "recall": 0.32,
            "f1-score": 0.4460606060606061,
            "support": 9.4
        },
        "micro avg": {
            "precision": 0.8573769536251021,
            "recall": 0.8399304726244944,
            "f1-score": 0.8483833546003178,
            "support": 408.4
        },
        "macro avg": {
            "precision": 0.749681481757846,
            "recall": 0.5914023157013143,
            "f1-score": 0.6293462330247994,
            "support": 408.4
        },
        "weighted avg": {
            "precision": 0.8473376921301925,
            "recall": 0.8399304726244944,
            "f1-score": 0.8334501042055267,
            "support": 408.4
        },
        "samples avg": {
            "precision": 0.6957257389075571,
            "recall": 0.6875243443425261,
            "f1-score": 0.6801969242878334,
            "support": 408.4
        }
    },
    "hammingLoss": 0.048170660508322846,
    "training_time": 1307.179733991623
}