{
    "model_name": "LegalBERT-pt-sc",
    "accuracy": 0.7222535040716859,
    "cf_report": {
        "0": {
            "precision": 0.67,
            "recall": 0.457,
            "f1-score": 0.5384912671869193,
            "support": 24.4
        },
        "1": {
            "precision": 0.7483766233766234,
            "recall": 0.3814285714285714,
            "f1-score": 0.4590999000999001,
            "support": 20.6
        },
        "2": {
            "precision": 0.9080184266853198,
            "recall": 0.9221572709801409,
            "f1-score": 0.9143905297858618,
            "support": 223.6
        },
        "3": {
            "precision": 0.6,
            "recall": 0.1,
            "f1-score": 0.1688888888888889,
            "support": 8.0
        },
        "4": {
            "precision": 0.8372499208437969,
            "recall": 0.8484848484848484,
            "f1-score": 0.8376869054207183,
            "support": 66.0
        },
        "5": {
            "precision": 0.7797995836133249,
            "recall": 0.794110275689223,
            "f1-score": 0.7844884699331451,
            "support": 56.4
        },
        "6": {
            "precision": 0.75,
            "recall": 0.2333333333333333,
            "f1-score": 0.3481851481851482,
            "support": 9.4
        },
        "micro avg": {
            "precision": 0.8575057838505513,
            "recall": 0.8055700030013748,
            "f1-score": 0.8303530677141986,
            "support": 408.4
        },
        "macro avg": {
            "precision": 0.7562063649312949,
            "recall": 0.533787757130874,
            "f1-score": 0.5787473013572259,
            "support": 408.4
        },
        "weighted avg": {
            "precision": 0.847010778553491,
            "recall": 0.8055700030013748,
            "f1-score": 0.811013141549829,
            "support": 408.4
        },
        "samples avg": {
            "precision": 0.6785159285159286,
            "recall": 0.6602869352869353,
            "f1-score": 0.6574931634022543,
            "support": 408.4
        }
    },
    "hammingLoss": 0.052720223499444274,
    "training_time": 1301.9065976142883
}