{
    "model_name": "mBERT",
    "accuracy": 0.6595767868495142,
    "cf_report": {
        "0": {
            "precision": 0.8777777777777779,
            "recall": 0.301,
            "f1-score": 0.4208591363527156,
            "support": 24.4
        },
        "1": {
            "precision": 0.5571428571428572,
            "recall": 0.2552380952380952,
            "f1-score": 0.34248064817324775,
            "support": 20.6
        },
        "2": {
            "precision": 0.9096212399089815,
            "recall": 0.9302730621396542,
            "f1-score": 0.9194991916479356,
            "support": 223.6
        },
        "3": {
            "precision": 0.2,
            "recall": 0.025,
            "f1-score": 0.04444444444444444,
            "support": 8.0
        },
        "4": {
            "precision": 0.8764563902912068,
            "recall": 0.7121212121212122,
            "f1-score": 0.7836884789886143,
            "support": 66.0
        },
        "5": {
            "precision": 0.5556787532453191,
            "recall": 0.5786340852130326,
            "f1-score": 0.5632119395063971,
            "support": 56.4
        },
        "6": {
            "precision": 0.9333333333333333,
            "recall": 0.25555555555555554,
            "f1-score": 0.38871794871794874,
            "support": 9.4
        },
        "micro avg": {
            "precision": 0.8360520609082606,
            "recall": 0.7415784947514149,
            "f1-score": 0.7851349880861941,
            "support": 408.4
        },
        "macro avg": {
            "precision": 0.7014300502427823,
            "recall": 0.43683171575250707,
            "f1-score": 0.494700255404472,
            "support": 408.4
        },
        "weighted avg": {
            "precision": 0.8221245986905835,
            "recall": 0.7415784947514149,
            "f1-score": 0.7600947126472557,
            "support": 408.4
        },
        "samples avg": {
            "precision": 0.6490108376472012,
            "recall": 0.616600318873046,
            "f1-score": 0.6169060737242555,
            "support": 408.4
        }
    },
    "hammingLoss": 0.06481613624470768,
    "training_time": 2023.2723500728607
}