{
  "best_metric": 0.024684179574251175,
  "best_model_checkpoint": "/var/projetos/Jupyterhubstorage/victor.silva/HelBERTModel/Modelos/Indicios/CrossValidation/Chunks/BERTimbau_fold_1/checkpoint-2181",
  "epoch": 6.0,
  "eval_steps": 500,
  "global_step": 2181,
  "is_hyper_param_search": false,
  "is_local_process_zero": true,
  "is_world_process_zero": true,
  "log_history": [
    {
      "epoch": 1.0,
      "eval_accuracy": 0.45604395604395603,
      "eval_cf_report": {
        "0": {
          "f1-score": 0.07999999999999999,
          "precision": 1.0,
          "recall": 0.041666666666666664,
          "support": 24.0
        },
        "1": {
          "f1-score": 0.24,
          "precision": 0.75,
          "recall": 0.14285714285714285,
          "support": 21.0
        },
        "2": {
          "f1-score": 0.8169556840077071,
          "precision": 0.7186440677966102,
          "recall": 0.9464285714285714,
          "support": 224.0
        },
        "3": {
          "f1-score": 0.0,
          "precision": 0.0,
          "recall": 0.0,
          "support": 8.0
        },
        "4": {
          "f1-score": 0.5714285714285715,
          "precision": 0.6415094339622641,
          "recall": 0.5151515151515151,
          "support": 66.0
        },
        "5": {
          "f1-score": 0.0983606557377049,
          "precision": 0.6,
          "recall": 0.05357142857142857,
          "support": 56.0
        },
        "6": {
          "f1-score": 0.0,
          "precision": 0.0,
          "recall": 0.0,
          "support": 9.0
        },
        "macro avg": {
          "f1-score": 0.2581064158819976,
          "precision": 0.5300219288226964,
          "recall": 0.24281076066790352,
          "support": 408.0
        },
        "micro avg": {
          "f1-score": 0.660574412532637,
          "precision": 0.7067039106145251,
          "recall": 0.6200980392156863,
          "support": 408.0
        },
        "samples avg": {
          "f1-score": 0.531959706959707,
          "precision": 0.6071428571428571,
          "recall": 0.5022893772893773,
          "support": 408.0
        },
        "weighted avg": {
          "f1-score": 0.5715209697385382,
          "precision": 0.6781026809508581,
          "recall": 0.6200980392156863,
          "support": 408.0
        }
      },
      "eval_hammingLoss": 0.10204081632653061,
      "eval_loss": 0.06461505591869354,
      "eval_runtime": 12.6903,
      "eval_samples_per_second": 28.683,
      "eval_steps_per_second": 28.683,
      "step": 363
    },
    {
      "epoch": 1.38,
      "grad_norm": 0.9606359004974365,
      "learning_rate": 9.540863177226815e-06,
      "loss": 0.0712,
      "step": 500
    },
    {
      "epoch": 2.0,
      "eval_accuracy": 0.6428571428571429,
      "eval_cf_report": {
        "0": {
          "f1-score": 0.0,
          "precision": 0.0,
          "recall": 0.0,
          "support": 24.0
        },
        "1": {
          "f1-score": 0.5714285714285714,
          "precision": 0.7142857142857143,
          "recall": 0.47619047619047616,
          "support": 21.0
        },
        "2": {
          "f1-score": 0.908235294117647,
          "precision": 0.9601990049751243,
          "recall": 0.8616071428571429,
          "support": 224.0
        },
        "3": {
          "f1-score": 0.0,
          "precision": 0.0,
          "recall": 0.0,
          "support": 8.0
        },
        "4": {
          "f1-score": 0.6476190476190476,
          "precision": 0.8717948717948718,
          "recall": 0.5151515151515151,
          "support": 66.0
        },
        "5": {
          "f1-score": 0.6808510638297872,
          "precision": 0.8421052631578947,
          "recall": 0.5714285714285714,
          "support": 56.0
        },
        "6": {
          "f1-score": 0.30769230769230765,
          "precision": 0.5,
          "recall": 0.2222222222222222,
          "support": 9.0
        },
        "macro avg": {
          "f1-score": 0.445118040669623,
          "precision": 0.5554835506019435,
          "recall": 0.3780857039785611,
          "support": 408.0
        },
        "micro avg": {
          "f1-score": 0.7698863636363635,
          "precision": 0.9155405405405406,
          "recall": 0.6642156862745098,
          "support": 408.0
        },
        "samples avg": {
          "f1-score": 0.5575091575091575,
          "precision": 0.6071428571428571,
          "recall": 0.5361721611721612,
          "support": 408.0
        },
        "weighted avg": {
          "f1-score": 0.7330501308061492,
          "precision": 0.8315709151709104,
          "recall": 0.6642156862745098,
          "support": 408.0
        }
      },
      "eval_hammingLoss": 0.06357927786499215,
      "eval_loss": 0.04699557274580002,
      "eval_runtime": 12.8314,
      "eval_samples_per_second": 28.368,
      "eval_steps_per_second": 28.368,
      "step": 727
    },
    {
      "epoch": 2.75,
      "grad_norm": 0.6366523504257202,
      "learning_rate": 9.081726354453628e-06,
      "loss": 0.0443,
      "step": 1000
    },
    {
      "epoch": 3.0,
      "eval_accuracy": 0.7225274725274725,
      "eval_cf_report": {
        "0": {
          "f1-score": 0.4,
          "precision": 1.0,
          "recall": 0.25,
          "support": 24.0
        },
        "1": {
          "f1-score": 0.6666666666666666,
          "precision": 0.7222222222222222,
          "recall": 0.6190476190476191,
          "support": 21.0
        },
        "2": {
          "f1-score": 0.9130434782608696,
          "precision": 0.8898305084745762,
          "recall": 0.9375,
          "support": 224.0
        },
        "3": {
          "f1-score": 0.0,
          "precision": 0.0,
          "recall": 0.0,
          "support": 8.0
        },
        "4": {
          "f1-score": 0.8823529411764706,
          "precision": 0.8571428571428571,
          "recall": 0.9090909090909091,
          "support": 66.0
        },
        "5": {
          "f1-score": 0.8305084745762712,
          "precision": 0.7903225806451613,
          "recall": 0.875,
          "support": 56.0
        },
        "6": {
          "f1-score": 0.19999999999999998,
          "precision": 1.0,
          "recall": 0.1111111111111111,
          "support": 9.0
        },
        "macro avg": {
          "f1-score": 0.556081651525754,
          "precision": 0.7513597383549738,
          "recall": 0.5288213770356628,
          "support": 408.0
        },
        "micro avg": {
          "f1-score": 0.8464419475655431,
          "precision": 0.8625954198473282,
          "recall": 0.8308823529411765,
          "support": 408.0
        },
        "samples avg": {
          "f1-score": 0.6595238095238095,
          "precision": 0.6817765567765568,
          "recall": 0.663003663003663,
          "support": 408.0
        },
        "weighted avg": {
          "f1-score": 0.8202585976087085,
          "precision": 0.8537210628738464,
          "recall": 0.8308823529411765,
          "support": 408.0
        }
      },
      "eval_hammingLoss": 0.048273155416012556,
      "eval_loss": 0.03567948564887047,
      "eval_runtime": 12.9227,
      "eval_samples_per_second": 28.168,
      "eval_steps_per_second": 28.168,
      "step": 1090
    },
    {
      "epoch": 4.0,
      "eval_accuracy": 0.7582417582417582,
      "eval_cf_report": {
        "0": {
          "f1-score": 0.7142857142857143,
          "precision": 0.8333333333333334,
          "recall": 0.625,
          "support": 24.0
        },
        "1": {
          "f1-score": 0.6818181818181819,
          "precision": 0.6521739130434783,
          "recall": 0.7142857142857143,
          "support": 21.0
        },
        "2": {
          "f1-score": 0.9273504273504274,
          "precision": 0.889344262295082,
          "recall": 0.96875,
          "support": 224.0
        },
        "3": {
          "f1-score": 0.0,
          "precision": 0.0,
          "recall": 0.0,
          "support": 8.0
        },