{
    "modelName": "BERTimbau",
    "precisao": 0.6698447579659883,
    "recall": 0.509348180605202,
    "f1": 0.5113086276012373,
    "acuracia": 0.509348180605202,
    "hloss": 0.49065181939479796
}