{
    "modelName": "HelBERT-base-uncased",
    "precisao": 0.8288471299800105,
    "recall": 0.7931979288495011,
    "f1": 0.800404029135111,
    "acuracia": 0.7931979288495011,
    "hloss": 0.20680207115049884
}