{
    "modelName": "jurisBERT",
    "precisao": 0.6514696790911662,
    "recall": 0.48147660072149834,
    "f1": 0.49043248055249766,
    "acuracia": 0.48147660072149834,
    "hloss": 0.5185233992785017
}