{
    "modelName": "LegalBERT-pt-sc",
    "precisao": 0.5331658117174031,
    "recall": 0.41952328397054706,
    "f1": 0.4510974085069055,
    "acuracia": 0.41952328397054706,
    "hloss": 0.5804767160294529
}