{
    "modelName": "mBERT",
    "precisao": 0.5505619822931266,
    "recall": 0.2741474074928207,
    "f1": 0.28353024107148805,
    "acuracia": 0.2741474074928207,
    "hloss": 0.7258525925071793
}