{
    "precision": 0.8782236932611346,
    "recall": 0.8763039243581607,
    "f1": 0.875503278997141,
    "accuracy": 0.8763039243581607,
    "epochs": 13.133333333333335,
    "training_time": 129.34956465341625,
    "modelo": "LegalBERT-pt-sc"
}