{
    "precision": 0.8888014273079383,
    "recall": 0.8875502491482269,
    "f1": 0.8872265911160264,
    "accuracy": 0.8875502491482269,
    "epochs": 14.133333333333333,
    "training_time": 127.19569508221669,
    "modelo": "HelBERT-base-uncased-scratch"
}