{
    "precision": 0.8758266961642905,
    "recall": 0.8749870501287691,
    "f1": 0.874310710561152,
    "accuracy": 0.8749870501287691,
    "epochs": 12.533333333333333,
    "training_time": 128.35841094249153,
    "modelo": "BERTimbau"
}