{"precision": 0.7906304700314767, "recall": 0.7869793604587537, "f1": 0.7844572456777268, "accuracy": 0.7869793604587537, "epochs": 14.533333333333331, "training_time": 130.9287987306735, "modelo": "mBERT"}