{
    "precision": 0.8564058523804565,
    "recall": 0.8559190031152649,
    "f1": 0.8552884374624631,
    "accuracy": 0.8559190031152649,
    "epochs": 14.466666666666667,
    "training_time": 127.7813306659405,
    "modelo": "jurisBERT"
}