{
  "best_metric": 0.02679189294576645,
  "best_model_checkpoint": "/var/projetos/Jupyterhubstorage/victor.silva/HelBERTModel/Modelos/Indicios/CrossValidation/Chunks/HelBERT-uncased-fs-6_fold_2/checkpoint-2181",
  "epoch": 6.0,
  "eval_steps": 500,
  "global_step": 2181,
  "is_hyper_param_search": false,
  "is_local_process_zero": true,
  "is_world_process_zero": true,
  "log_history": [
    {
      "epoch": 1.0,
      "eval_accuracy": 0.5082417582417582,
      "eval_cf_report": {
        "0": {
          "f1-score": 0.0,
          "precision": 0.0,
          "recall": 0.0,
          "support": 24.0
        },
        "1": {
          "f1-score": 0.4999999999999999,
          "precision": 0.875,
          "recall": 0.35,
          "support": 20.0
        },
        "2": {
          "f1-score": 0.8291746641074855,
          "precision": 0.7248322147651006,
          "recall": 0.968609865470852,
          "support": 223.0
        },
        "3": {
          "f1-score": 0.0,
          "precision": 0.0,
          "recall": 0.0,
          "support": 8.0
        },
        "4": {
          "f1-score": 0.5964912280701754,
          "precision": 0.7083333333333334,
          "recall": 0.5151515151515151,
          "support": 66.0
        },
        "5": {
          "f1-score": 0.36585365853658536,
          "precision": 0.5769230769230769,
          "recall": 0.26785714285714285,
          "support": 56.0
        },
        "6": {
          "f1-score": 0.0,
          "precision": 0.0,
          "recall": 0.0,
          "support": 10.0
        },
        "macro avg": {
          "f1-score": 0.3273599358163209,
          "precision": 0.4121555178602158,
          "recall": 0.30023121763993005,
          "support": 407.0
        },
        "micro avg": {
          "f1-score": 0.6912325285895806,
          "precision": 0.7157894736842105,
          "recall": 0.6683046683046683,
          "support": 407.0
        },
        "samples avg": {
          "f1-score": 0.5777472527472527,
          "precision": 0.6272893772893773,
          "recall": 0.5663919413919415,
          "support": 407.0
        },
        "weighted avg": {
          "f1-score": 0.6259512924487706,
          "precision": 0.6343864280105891,
          "recall": 0.6683046683046683,
          "support": 407.0
        }
      },
      "eval_hammingLoss": 0.09536891679748823,
      "eval_loss": 0.06038875877857208,
      "eval_runtime": 10.8638,
      "eval_samples_per_second": 33.506,
      "eval_steps_per_second": 33.506,
      "step": 363
    },
    {
      "epoch": 1.38,
      "grad_norm": Infinity,
      "learning_rate": 9.54178145087236e-06,
      "loss": 0.0702,
      "step": 500
    },
    {
      "epoch": 2.0,
      "eval_accuracy": 0.7637362637362637,
      "eval_cf_report": {
        "0": {
          "f1-score": 0.0,
          "precision": 0.0,
          "recall": 0.0,
          "support": 24.0
        },
        "1": {
          "f1-score": 0.8235294117647058,
          "precision": 1.0,
          "recall": 0.7,
          "support": 20.0
        },
        "2": {
          "f1-score": 0.9201680672268908,
          "precision": 0.8656126482213439,
          "recall": 0.9820627802690582,
          "support": 223.0
        },
        "3": {
          "f1-score": 0.0,
          "precision": 0.0,
          "recall": 0.0,
          "support": 8.0
        },
        "4": {
          "f1-score": 0.8907563025210083,
          "precision": 1.0,
          "recall": 0.803030303030303,
          "support": 66.0
        },
        "5": {
          "f1-score": 0.9259259259259259,
          "precision": 0.9615384615384616,
          "recall": 0.8928571428571429,
          "support": 56.0
        },
        "6": {
          "f1-score": 0.18181818181818182,
          "precision": 1.0,
          "recall": 0.1,
          "support": 10.0
        },
        "macro avg": {
          "f1-score": 0.5345996984652447,
          "precision": 0.6895930156799722,
          "recall": 0.496850032308072,
          "support": 407.0
        },
        "micro avg": {
          "f1-score": 0.8641025641025641,
          "precision": 0.903485254691689,
          "recall": 0.828009828009828,
          "support": 407.0
        },
        "samples avg": {
          "f1-score": 0.7028388278388279,
          "precision": 0.7293956043956044,
          "recall": 0.7028388278388279,
          "support": 407.0
        },
        "weighted avg": {
          "f1-score": 0.8209533583865134,
          "precision": 0.8424515341511389,
          "recall": 0.828009828009828,
          "support": 407.0
        }
      },
      "eval_hammingLoss": 0.041601255886970175,
      "eval_loss": 0.034423306584358215,
      "eval_runtime": 11.0736,
      "eval_samples_per_second": 32.871,
      "eval_steps_per_second": 32.871,
      "step": 727
    },
    {
      "epoch": 2.75,
      "grad_norm": 0.8645142316818237,
      "learning_rate": 9.082644628099175e-06,
      "loss": 0.0327,
      "step": 1000
    },
    {
      "epoch": 3.0,
      "eval_accuracy": 0.8159340659340659,
      "eval_cf_report": {
        "0": {
          "f1-score": 0.15384615384615385,
          "precision": 1.0,
          "recall": 0.08333333333333333,
          "support": 24.0
        },
        "1": {
          "f1-score": 0.85,
          "precision": 0.85,
          "recall": 0.85,
          "support": 20.0
        },
        "2": {
          "f1-score": 0.9391304347826086,
          "precision": 0.9113924050632911,
          "recall": 0.968609865470852,
          "support": 223.0
        },
        "3": {
          "f1-score": 0.0,
          "precision": 0.0,
          "recall": 0.0,
          "support": 8.0
        },
        "4": {
          "f1-score": 0.9924812030075187,
          "precision": 0.9850746268656716,
          "recall": 1.0,
          "support": 66.0
        },
        "5": {
          "f1-score": 0.918918918918919,
          "precision": 0.9272727272727272,
          "recall": 0.9107142857142857,
          "support": 56.0
        },
        "6": {
          "f1-score": 0.18181818181818182,
          "precision": 1.0,
          "recall": 0.1,
          "support": 10.0
        },
        "macro avg": {
          "f1-score": 0.5765992703390547,
          "precision": 0.810534251314527,
          "recall": 0.5589510692169244,
          "support": 407.0
        },
        "micro avg": {
          "f1-score": 0.8948035487959441,
          "precision": 0.9240837696335078,
          "recall": 0.8673218673218673,
          "support": 407.0
        },
        "samples avg": {
          "f1-score": 0.726007326007326,
          "precision": 0.7417582417582418,
          "recall": 0.7293956043956044,
          "support": 407.0
        },
        "weighted avg": {
          "f1-score": 0.8572476543610981,
          "precision": 0.9119968167801499,
          "recall": 0.8673218673218673,
          "support": 407.0
        }
      },
      "eval_hammingLoss": 0.032574568288854,
      "eval_loss": 0.028673386201262474,
      "eval_runtime": 10.8929,
      "eval_samples_per_second": 33.416,
      "eval_steps_per_second": 33.416,
      "step": 1090
    },
    {
      "epoch": 4.0,
      "eval_accuracy": 0.8379120879120879,
      "eval_cf_report": {
        "0": {
          "f1-score": 0.5,
          "precision": 1.0,
          "recall": 0.3333333333333333,
          "support": 24.0
        },
        "1": {
          "f1-score": 0.8780487804878048,
          "precision": 0.8571428571428571,
          "recall": 0.9,
          "support": 20.0
        },
        "2": {
          "f1-score": 0.9361702127659575,
          "precision": 0.8906882591093117,
          "recall": 0.9865470852017937,
          "support": 223.0
        },
        "3": {
          "f1-score": 0.0,
          "precision": 0.0,
          "recall": 0.0,
          "support": 8.0
        },
        "4": {
          "f1-score": 0.9850746268656716,
          "precision": 0.9705882352941176,