{
  "best_metric": 0.027742495760321617,
  "best_model_checkpoint": "/var/projetos/Jupyterhubstorage/victor.silva/HelBERTModel/Modelos/Indicios/CrossValidation/Chunks/jurisBERT_fold_5/checkpoint-1818",
  "epoch": 4.997938144329897,
  "eval_steps": 500,
  "global_step": 1818,
  "is_hyper_param_search": false,
  "is_local_process_zero": true,
  "is_world_process_zero": true,
  "log_history": [
    {
      "epoch": 1.0,
      "eval_accuracy": 0.4462809917355372,
      "eval_cf_report": {
        "0": {
          "f1-score": 0.0,
          "precision": 0.0,
          "recall": 0.0,
          "support": 25.0
        },
        "1": {
          "f1-score": 0.0,
          "precision": 0.0,
          "recall": 0.0,
          "support": 20.0
        },
        "2": {
          "f1-score": 0.8477842003853564,
          "precision": 0.7432432432432432,
          "recall": 0.9865470852017937,
          "support": 223.0
        },
        "3": {
          "f1-score": 0.0,
          "precision": 0.0,
          "recall": 0.0,
          "support": 8.0
        },
        "4": {
          "f1-score": 0.0,
          "precision": 0.0,
          "recall": 0.0,
          "support": 66.0
        },
        "5": {
          "f1-score": 0.15384615384615385,
          "precision": 0.5555555555555556,
          "recall": 0.08928571428571429,
          "support": 56.0
        },
        "6": {
          "f1-score": 0.0,
          "precision": 0.0,
          "recall": 0.0,
          "support": 9.0
        },
        "macro avg": {
          "f1-score": 0.14309005060450147,
          "precision": 0.18554268554268555,
          "recall": 0.15369039992678685,
          "support": 407.0
        },
        "micro avg": {
          "f1-score": 0.6320224719101123,
          "precision": 0.7377049180327869,
          "recall": 0.5528255528255528,
          "support": 407.0
        },
        "samples avg": {
          "f1-score": 0.5169880624426079,
          "precision": 0.6046831955922864,
          "recall": 0.4775022956841139,
          "support": 407.0
        },
        "weighted avg": {
          "f1-score": 0.48567877469611564,
          "precision": 0.48367163232028093,
          "recall": 0.5528255528255528,
          "support": 407.0
        }
      },
      "eval_hammingLoss": 0.10310901219992129,
      "eval_loss": 0.05933457985520363,
      "eval_runtime": 11.7512,
      "eval_samples_per_second": 30.89,
      "eval_steps_per_second": 30.89,
      "step": 363
    },
    {
      "epoch": 1.37,
      "grad_norm": 0.7652249932289124,
      "learning_rate": 9.540863177226815e-06,
      "loss": 0.0662,
      "step": 500
    },
    {
      "epoch": 2.0,
      "eval_accuracy": 0.7024793388429752,
      "eval_cf_report": {
        "0": {
          "f1-score": 0.0,
          "precision": 0.0,
          "recall": 0.0,
          "support": 25.0
        },
        "1": {
          "f1-score": 0.7272727272727274,
          "precision": 0.9230769230769231,
          "recall": 0.6,
          "support": 20.0
        },
        "2": {
          "f1-score": 0.9347368421052632,
          "precision": 0.8809523809523809,
          "recall": 0.9955156950672646,
          "support": 223.0
        },
        "3": {
          "f1-score": 0.0,
          "precision": 0.0,
          "recall": 0.0,
          "support": 8.0
        },
        "4": {
          "f1-score": 0.6717557251908397,
          "precision": 0.676923076923077,
          "recall": 0.6666666666666666,
          "support": 66.0
        },
        "5": {
          "f1-score": 0.8679245283018867,
          "precision": 0.92,
          "recall": 0.8214285714285714,
          "support": 56.0
        },
        "6": {
          "f1-score": 0.19999999999999998,
          "precision": 1.0,
          "recall": 0.1111111111111111,
          "support": 9.0
        },
        "macro avg": {
          "f1-score": 0.485955688981531,
          "precision": 0.6287074829931972,
          "recall": 0.45638886346765906,
          "support": 407.0
        },
        "micro avg": {
          "f1-score": 0.8248730964467005,
          "precision": 0.8530183727034121,
          "recall": 0.7985257985257985,
          "support": 407.0
        },
        "samples avg": {
          "f1-score": 0.6507805325987145,
          "precision": 0.6680440771349863,
          "recall": 0.6593204775022957,
          "support": 407.0
        },
        "weighted avg": {
          "f1-score": 0.7806668839863128,
          "precision": 0.7865131265131264,
          "recall": 0.7985257985257985,
          "support": 407.0
        }
      },
      "eval_hammingLoss": 0.05430932703659976,
      "eval_loss": 0.03956867754459381,
      "eval_runtime": 11.7702,
      "eval_samples_per_second": 30.841,
      "eval_steps_per_second": 30.841,
      "step": 727
    },
    {
      "epoch": 2.75,
      "grad_norm": 0.6434823274612427,
      "learning_rate": 9.081726354453628e-06,
      "loss": 0.042,
      "step": 1000
    },
    {
      "epoch": 3.0,
      "eval_accuracy": 0.7052341597796143,
      "eval_cf_report": {
        "0": {
          "f1-score": 0.14814814814814814,
          "precision": 1.0,
          "recall": 0.08,
          "support": 25.0
        },
        "1": {
          "f1-score": 0.7272727272727274,
          "precision": 0.9230769230769231,
          "recall": 0.6,
          "support": 20.0
        },
        "2": {
          "f1-score": 0.9055690072639224,
          "precision": 0.9842105263157894,
          "recall": 0.8385650224215246,
          "support": 223.0
        },
        "3": {
          "f1-score": 0.0,
          "precision": 0.0,
          "recall": 0.0,
          "support": 8.0
        },
        "4": {
          "f1-score": 0.7592592592592593,
          "precision": 0.9761904761904762,
          "recall": 0.6212121212121212,
          "support": 66.0
        },
        "5": {
          "f1-score": 0.9217391304347826,
          "precision": 0.8983050847457628,
          "recall": 0.9464285714285714,
          "support": 56.0
        },
        "6": {
          "f1-score": 0.375,
          "precision": 0.42857142857142855,
          "recall": 0.3333333333333333,
          "support": 9.0
        },
        "macro avg": {
          "f1-score": 0.5481411817684058,
          "precision": 0.74433634841434,
          "recall": 0.4885055783422215,
          "support": 407.0
        },
        "micro avg": {
          "f1-score": 0.8277777777777776,
          "precision": 0.952076677316294,
          "recall": 0.7321867321867321,
          "support": 407.0
        },
        "samples avg": {
          "f1-score": 0.6391184573002755,
          "precision": 0.6887052341597796,
          "recall": 0.6184573002754821,
          "support": 407.0
        },
        "weighted avg": {
          "f1-score": 0.7992495068414543,
          "precision": 0.9374233043278538,
          "recall": 0.7321867321867321,
          "support": 407.0
        }
      },
      "eval_hammingLoss": 0.048799685163321525,
      "eval_loss": 0.03746252879500389,
      "eval_runtime": 11.7726,
      "eval_samples_per_second": 30.834,
      "eval_steps_per_second": 30.834,
      "step": 1091
    },
    {
      "epoch": 4.0,
      "eval_accuracy": 0.7878787878787878,
      "eval_cf_report": {
        "0": {
          "f1-score": 0.5217391304347826,
          "precision": 0.5714285714285714,
          "recall": 0.48,
          "support": 25.0
        },
        "1": {
          "f1-score": 0.7777777777777777,
          "precision": 0.875,
          "recall": 0.7,
          "support": 20.0
        },
        "2": {
          "f1-score": 0.9445676274944568,
          "precision": 0.9342105263157895,
          "recall": 0.9551569506726457,
          "support": 223.0
        },
        "3": {
          "f1-score": 0.0,
          "precision": 0.0,
          "recall": 0.0,
          "support": 8.0
        },
        "4": {
          "f1-score": 0.962962962962963,