{
  "best_metric": 0.030292892828583717,
  "best_model_checkpoint": "/var/projetos/Jupyterhubstorage/victor.silva/HelBERTModel/Modelos/Indicios/CrossValidation/Chunks/jurisBERT_fold_1/checkpoint-1817",
  "epoch": 4.998624484181568,
  "eval_steps": 500,
  "global_step": 1817,
  "is_hyper_param_search": false,
  "is_local_process_zero": true,
  "is_world_process_zero": true,
  "log_history": [
    {
      "epoch": 1.0,
      "eval_accuracy": 0.48626373626373626,
      "eval_cf_report": {
        "0": {
          "f1-score": 0.0,
          "precision": 0.0,
          "recall": 0.0,
          "support": 24.0
        },
        "1": {
          "f1-score": 0.0,
          "precision": 0.0,
          "recall": 0.0,
          "support": 21.0
        },
        "2": {
          "f1-score": 0.8875502008032128,
          "precision": 0.8065693430656934,
          "recall": 0.9866071428571429,
          "support": 224.0
        },
        "3": {
          "f1-score": 0.0,
          "precision": 0.0,
          "recall": 0.0,
          "support": 8.0
        },
        "4": {
          "f1-score": 0.380952380952381,
          "precision": 0.5128205128205128,
          "recall": 0.30303030303030304,
          "support": 66.0
        },
        "5": {
          "f1-score": 0.0,
          "precision": 0.0,
          "recall": 0.0,
          "support": 56.0
        },
        "6": {
          "f1-score": 0.0,
          "precision": 0.0,
          "recall": 0.0,
          "support": 9.0
        },
        "macro avg": {
          "f1-score": 0.1812146545365134,
          "precision": 0.18848426512660085,
          "recall": 0.18423392084106371,
          "support": 408.0
        },
        "micro avg": {
          "f1-score": 0.6685159500693482,
          "precision": 0.7699680511182109,
          "recall": 0.5906862745098039,
          "support": 408.0
        },
        "samples avg": {
          "f1-score": 0.5270146520146519,
          "precision": 0.6181318681318682,
          "recall": 0.48626373626373626,
          "support": 408.0
        },
        "weighted avg": {
          "f1-score": 0.5489071130460216,
          "precision": 0.5257786438550714,
          "recall": 0.5906862745098039,
          "support": 408.0
        }
      },
      "eval_hammingLoss": 0.09379905808477237,
      "eval_loss": 0.05735013261437416,
      "eval_runtime": 11.954,
      "eval_samples_per_second": 30.45,
      "eval_steps_per_second": 30.45,
      "step": 363
    },
    {
      "epoch": 1.38,
      "grad_norm": 1.019882321357727,
      "learning_rate": 9.540863177226815e-06,
      "loss": 0.0674,
      "step": 500
    },
    {
      "epoch": 2.0,
      "eval_accuracy": 0.5906593406593407,
      "eval_cf_report": {
        "0": {
          "f1-score": 0.0,
          "precision": 0.0,
          "recall": 0.0,
          "support": 24.0
        },
        "1": {
          "f1-score": 0.37037037037037035,
          "precision": 0.8333333333333334,
          "recall": 0.23809523809523808,
          "support": 21.0
        },
        "2": {
          "f1-score": 0.949771689497717,
          "precision": 0.9719626168224299,
          "recall": 0.9285714285714286,
          "support": 224.0
        },
        "3": {
          "f1-score": 0.0,
          "precision": 0.0,
          "recall": 0.0,
          "support": 8.0
        },
        "4": {
          "f1-score": 0.510204081632653,
          "precision": 0.78125,
          "recall": 0.3787878787878788,
          "support": 66.0
        },
        "5": {
          "f1-score": 0.34285714285714286,
          "precision": 0.8571428571428571,
          "recall": 0.21428571428571427,
          "support": 56.0
        },
        "6": {
          "f1-score": 0.0,
          "precision": 0.0,
          "recall": 0.0,
          "support": 9.0
        },
        "macro avg": {
          "f1-score": 0.31045761205112615,
          "precision": 0.4919555438998029,
          "recall": 0.25139146567717996,
          "support": 408.0
        },
        "micro avg": {
          "f1-score": 0.7418397626112759,
          "precision": 0.9398496240601504,
          "recall": 0.6127450980392157,
          "support": 408.0
        },
        "samples avg": {
          "f1-score": 0.5389194139194139,
          "precision": 0.6153846153846154,
          "recall": 0.5045787545787547,
          "support": 408.0
        },
        "weighted avg": {
          "f1-score": 0.6700982980711311,
          "precision": 0.8205444268829026,
          "recall": 0.6127450980392157,
          "support": 408.0
        }
      },
      "eval_hammingLoss": 0.06828885400313972,
      "eval_loss": 0.044778794050216675,
      "eval_runtime": 12.0175,
      "eval_samples_per_second": 30.289,
      "eval_steps_per_second": 30.289,
      "step": 727
    },
    {
      "epoch": 2.75,
      "grad_norm": 0.6952295303344727,
      "learning_rate": 9.081726354453628e-06,
      "loss": 0.0415,
      "step": 1000
    },
    {
      "epoch": 3.0,
      "eval_accuracy": 0.7362637362637363,
      "eval_cf_report": {
        "0": {
          "f1-score": 0.2222222222222222,
          "precision": 1.0,
          "recall": 0.125,
          "support": 24.0
        },
        "1": {
          "f1-score": 0.6249999999999999,
          "precision": 0.9090909090909091,
          "recall": 0.47619047619047616,
          "support": 21.0
        },
        "2": {
          "f1-score": 0.944954128440367,
          "precision": 0.9716981132075472,
          "recall": 0.9196428571428571,
          "support": 224.0
        },
        "3": {
          "f1-score": 0.0,
          "precision": 0.0,
          "recall": 0.0,
          "support": 8.0
        },
        "4": {
          "f1-score": 0.7611940298507464,
          "precision": 0.75,
          "recall": 0.7727272727272727,
          "support": 66.0
        },
        "5": {
          "f1-score": 0.8813559322033899,
          "precision": 0.8387096774193549,
          "recall": 0.9285714285714286,
          "support": 56.0
        },
        "6": {
          "f1-score": 0.0,
          "precision": 0.0,
          "recall": 0.0,
          "support": 9.0
        },
        "macro avg": {
          "f1-score": 0.49067518753096084,
          "precision": 0.6384998142454016,
          "recall": 0.4603045763760049,
          "support": 408.0
        },
        "micro avg": {
          "f1-score": 0.8429319371727748,
          "precision": 0.9044943820224719,
          "recall": 0.7892156862745098,
          "support": 408.0
        },
        "samples avg": {
          "f1-score": 0.6412087912087912,
          "precision": 0.6771978021978022,
          "recall": 0.6304945054945054,
          "support": 408.0
        },
        "weighted avg": {
          "f1-score": 0.8081441085233202,
          "precision": 0.8755368342766755,
          "recall": 0.7892156862745098,
          "support": 408.0
        }
      },
      "eval_hammingLoss": 0.04709576138147567,
      "eval_loss": 0.03369273617863655,
      "eval_runtime": 12.0518,
      "eval_samples_per_second": 30.203,
      "eval_steps_per_second": 30.203,
      "step": 1090
    },
    {
      "epoch": 4.0,
      "eval_accuracy": 0.7472527472527473,
      "eval_cf_report": {
        "0": {
          "f1-score": 0.6122448979591836,
          "precision": 0.6,
          "recall": 0.625,
          "support": 24.0
        },
        "1": {
          "f1-score": 0.6470588235294118,
          "precision": 0.8461538461538461,
          "recall": 0.5238095238095238,
          "support": 21.0
        },
        "2": {
          "f1-score": 0.9333333333333333,
          "precision": 0.9004149377593361,
          "recall": 0.96875,
          "support": 224.0
        },
        "3": {
          "f1-score": 0.0,
          "precision": 0.0,
          "recall": 0.0,
          "support": 8.0
        },
        "4": {
          "f1-score": 0.906474820143885,
          "precision": 0.863013698630137,