{
  "best_metric": 0.02702098898589611,
  "best_model_checkpoint": "/var/projetos/Jupyterhubstorage/victor.silva/HelBERTModel/Modelos/Indicios/CrossValidation/Chunks/HelBERT-uncased-fs-6_fold_1/checkpoint-2544",
  "epoch": 6.998624484181568,
  "eval_steps": 500,
  "global_step": 2544,
  "is_hyper_param_search": false,
  "is_local_process_zero": true,
  "is_world_process_zero": true,
  "log_history": [
    {
      "epoch": 1.0,
      "eval_accuracy": 0.49725274725274726,
      "eval_cf_report": {
        "0": {
          "f1-score": 0.0,
          "precision": 0.0,
          "recall": 0.0,
          "support": 24.0
        },
        "1": {
          "f1-score": 0.24,
          "precision": 0.75,
          "recall": 0.14285714285714285,
          "support": 21.0
        },
        "2": {
          "f1-score": 0.8235294117647058,
          "precision": 0.7342657342657343,
          "recall": 0.9375,
          "support": 224.0
        },
        "3": {
          "f1-score": 0.0,
          "precision": 0.0,
          "recall": 0.0,
          "support": 8.0
        },
        "4": {
          "f1-score": 0.8115942028985507,
          "precision": 0.7777777777777778,
          "recall": 0.8484848484848485,
          "support": 66.0
        },
        "5": {
          "f1-score": 0.03508771929824561,
          "precision": 1.0,
          "recall": 0.017857142857142856,
          "support": 56.0
        },
        "6": {
          "f1-score": 0.0,
          "precision": 0.0,
          "recall": 0.0,
          "support": 9.0
        },
        "macro avg": {
          "f1-score": 0.27288733342307175,
          "precision": 0.466006216006216,
          "recall": 0.27809987631416205,
          "support": 408.0
        },
        "micro avg": {
          "f1-score": 0.7003891050583657,
          "precision": 0.743801652892562,
          "recall": 0.6617647058823529,
          "support": 408.0
        },
        "samples avg": {
          "f1-score": 0.5558608058608058,
          "precision": 0.6236263736263736,
          "recall": 0.5343406593406593,
          "support": 408.0
        },
        "weighted avg": {
          "f1-score": 0.6005899948708339,
          "precision": 0.7048011220805339,
          "recall": 0.6617647058823529,
          "support": 408.0
        }
      },
      "eval_hammingLoss": 0.09065934065934066,
      "eval_loss": 0.06188829243183136,
      "eval_runtime": 11.1518,
      "eval_samples_per_second": 32.641,
      "eval_steps_per_second": 32.641,
      "step": 363
    },
    {
      "epoch": 1.38,
      "grad_norm": 0.6002160906791687,
      "learning_rate": 9.54178145087236e-06,
      "loss": 0.0683,
      "step": 500
    },
    {
      "epoch": 2.0,
      "eval_accuracy": 0.7747252747252747,
      "eval_cf_report": {
        "0": {
          "f1-score": 0.0,
          "precision": 0.0,
          "recall": 0.0,
          "support": 24.0
        },
        "1": {
          "f1-score": 0.8108108108108109,
          "precision": 0.9375,
          "recall": 0.7142857142857143,
          "support": 21.0
        },
        "2": {
          "f1-score": 0.9616252821670428,
          "precision": 0.9726027397260274,
          "recall": 0.9508928571428571,
          "support": 224.0
        },
        "3": {
          "f1-score": 0.0,
          "precision": 0.0,
          "recall": 0.0,
          "support": 8.0
        },
        "4": {
          "f1-score": 0.955223880597015,
          "precision": 0.9411764705882353,
          "recall": 0.9696969696969697,
          "support": 66.0
        },
        "5": {
          "f1-score": 0.7578947368421053,
          "precision": 0.9230769230769231,
          "recall": 0.6428571428571429,
          "support": 56.0
        },
        "6": {
          "f1-score": 0.19999999999999998,
          "precision": 1.0,
          "recall": 0.1111111111111111,
          "support": 9.0
        },
        "macro avg": {
          "f1-score": 0.5265078157738535,
          "precision": 0.6820508761987408,
          "recall": 0.4841205421562564,
          "support": 408.0
        },
        "micro avg": {
          "f1-score": 0.8761651131824235,
          "precision": 0.9591836734693877,
          "recall": 0.8063725490196079,
          "support": 408.0
        },
        "samples avg": {
          "f1-score": 0.660989010989011,
          "precision": 0.7005494505494505,
          "recall": 0.646062271062271,
          "support": 408.0
        },
        "weighted avg": {
          "f1-score": 0.8326420872916801,
          "precision": 0.8832364422788268,
          "recall": 0.8063725490196079,
          "support": 408.0
        }
      },
      "eval_hammingLoss": 0.036499215070643645,
      "eval_loss": 0.03292585909366608,
      "eval_runtime": 11.1639,
      "eval_samples_per_second": 32.605,
      "eval_steps_per_second": 32.605,
      "step": 727
    },
    {
      "epoch": 2.75,
      "grad_norm": 0.9527239799499512,
      "learning_rate": 9.082644628099175e-06,
      "loss": 0.0326,
      "step": 1000
    },
    {
      "epoch": 3.0,
      "eval_accuracy": 0.7967032967032966,
      "eval_cf_report": {
        "0": {
          "f1-score": 0.0,
          "precision": 0.0,
          "recall": 0.0,
          "support": 24.0
        },
        "1": {
          "f1-score": 0.8095238095238095,
          "precision": 0.8095238095238095,
          "recall": 0.8095238095238095,
          "support": 21.0
        },
        "2": {
          "f1-score": 0.9557522123893805,
          "precision": 0.9473684210526315,
          "recall": 0.9642857142857143,
          "support": 224.0
        },
        "3": {
          "f1-score": 0.0,
          "precision": 0.0,
          "recall": 0.0,
          "support": 8.0
        },
        "4": {
          "f1-score": 0.9428571428571428,
          "precision": 0.8918918918918919,
          "recall": 1.0,
          "support": 66.0
        },
        "5": {
          "f1-score": 0.9009009009009009,
          "precision": 0.9090909090909091,
          "recall": 0.8928571428571429,
          "support": 56.0
        },
        "6": {
          "f1-score": 0.19999999999999998,
          "precision": 1.0,
          "recall": 0.1111111111111111,
          "support": 9.0
        },
        "macro avg": {
          "f1-score": 0.5441477236673191,
          "precision": 0.6511250045084632,
          "recall": 0.5396825396825397,
          "support": 408.0
        },
        "micro avg": {
          "f1-score": 0.8894536213468869,
          "precision": 0.9234828496042217,
          "recall": 0.8578431372549019,
          "support": 408.0
        },
        "samples avg": {
          "f1-score": 0.6837912087912088,
          "precision": 0.7087912087912088,
          "recall": 0.6813186813186812,
          "support": 408.0
        },
        "weighted avg": {
          "f1-score": 0.8469792094466743,
          "precision": 0.8529031423768266,
          "recall": 0.8578431372549019,
          "support": 408.0
        }
      },
      "eval_hammingLoss": 0.03414442700156986,
      "eval_loss": 0.030988410115242004,
      "eval_runtime": 11.1634,
      "eval_samples_per_second": 32.606,
      "eval_steps_per_second": 32.606,
      "step": 1090
    },
    {
      "epoch": 4.0,
      "eval_accuracy": 0.804945054945055,
      "eval_cf_report": {
        "0": {
          "f1-score": 0.611111111111111,
          "precision": 0.9166666666666666,
          "recall": 0.4583333333333333,
          "support": 24.0
        },
        "1": {
          "f1-score": 0.8181818181818182,
          "precision": 0.782608695652174,
          "recall": 0.8571428571428571,
          "support": 21.0
        },
        "2": {
          "f1-score": 0.9376344086021505,
          "precision": 0.9045643153526971,
          "recall": 0.9732142857142857,
          "support": 224.0
        },
        "3": {
          "f1-score": 0.0,
          "precision": 0.0,
          "recall": 0.0,
          "support": 8.0
        },