{
    "test_losses": 1.8987811559658,
    "precision": 0.521851293708973,
    "recall": 0.2870683818551117,
    "f1": 0.2778860373776012,
    "accuracy": 0.007898894154818325,
    "cf_report": {
        "0": {
            "precision": 1.0,
            "recall": 0.02527646129541864,
            "f1-score": 0.04930662557781202,
            "support": 633
        },
        "1": {
            "precision": 0.723404255319149,
            "recall": 0.4296998420221169,
            "f1-score": 0.5391476709613479,
            "support": 633
        },
        "2": {
            "precision": 0.5147058823529411,
            "recall": 0.995260663507109,
            "f1-score": 0.6785137318255251,
            "support": 633
        },
        "3": {
            "precision": 0.0,
            "recall": 0.0,
            "f1-score": 0.0,
            "support": 633
        },
        "4": {
            "precision": 0.6701680672268907,
            "recall": 0.5039494470774092,
            "f1-score": 0.5752930568079351,
            "support": 633
        },
        "5": {
            "precision": 0.7446808510638298,
            "recall": 0.05529225908372828,
            "f1-score": 0.10294117647058823,
            "support": 633
        },
        "6": {
            "precision": 0.0,
            "recall": 0.0,
            "f1-score": 0.0,
            "support": 633
        },
        "micro avg": {
            "precision": 0.5946704067321178,
            "recall": 0.2870683818551117,
            "f1-score": 0.3872146118721461,
            "support": 4431
        },
        "macro avg": {
            "precision": 0.5218512937089729,
            "recall": 0.28706838185511174,
            "f1-score": 0.2778860373776012,
            "support": 4431
        },
        "weighted avg": {
            "precision": 0.521851293708973,
            "recall": 0.2870683818551117,
            "f1-score": 0.2778860373776012,
            "support": 4431
        },
        "samples avg": {
            "precision": 0.5880068457082676,
            "recall": 0.2866771985255397,
            "f1-score": 0.3677292559993982,
            "support": 4431
        }
    }
}