{
  "best_metric": 0.03551826626062393,
  "best_model_checkpoint": "/var/projetos/Jupyterhubstorage/victor.silva/HelBERTModel/Modelos/Indicios/CrossValidation/Chunks/LegalBERT-pt-sc_fold_5/checkpoint-1818",
  "epoch": 4.997938144329897,
  "eval_steps": 500,
  "global_step": 1818,
  "is_hyper_param_search": false,
  "is_local_process_zero": true,
  "is_world_process_zero": true,
  "log_history": [
    {
      "epoch": 1.0,
      "eval_accuracy": 0.3884297520661157,
      "eval_cf_report": {
        "0": {
          "f1-score": 0.07692307692307693,
          "precision": 1.0,
          "recall": 0.04,
          "support": 25.0
        },
        "1": {
          "f1-score": 0.0,
          "precision": 0.0,
          "recall": 0.0,
          "support": 20.0
        },
        "2": {
          "f1-score": 0.7850098619329388,
          "precision": 0.7007042253521126,
          "recall": 0.8923766816143498,
          "support": 223.0
        },
        "3": {
          "f1-score": 0.0,
          "precision": 0.0,
          "recall": 0.0,
          "support": 8.0
        },
        "4": {
          "f1-score": 0.18666666666666665,
          "precision": 0.7777777777777778,
          "recall": 0.10606060606060606,
          "support": 66.0
        },
        "5": {
          "f1-score": 0.0,
          "precision": 0.0,
          "recall": 0.0,
          "support": 56.0
        },
        "6": {
          "f1-score": 0.0,
          "precision": 0.0,
          "recall": 0.0,
          "support": 9.0
        },
        "macro avg": {
          "f1-score": 0.1497999436460975,
          "precision": 0.3540688575899843,
          "recall": 0.14834818395356514,
          "support": 407.0
        },
        "micro avg": {
          "f1-score": 0.5905848787446505,
          "precision": 0.7040816326530612,
          "recall": 0.5085995085995086,
          "support": 407.0
        },
        "samples avg": {
          "f1-score": 0.48025711662075293,
          "precision": 0.5578512396694215,
          "recall": 0.4430670339761249,
          "support": 407.0
        },
        "weighted avg": {
          "f1-score": 0.465111243572782,
          "precision": 0.5714751242920257,
          "recall": 0.5085995085995086,
          "support": 407.0
        }
      },
      "eval_hammingLoss": 0.11294765840220386,
      "eval_loss": 0.07091841101646423,
      "eval_runtime": 11.5642,
      "eval_samples_per_second": 31.39,
      "eval_steps_per_second": 31.39,
      "step": 363
    },
    {
      "epoch": 1.37,
      "grad_norm": 1.0953054428100586,
      "learning_rate": 9.540863177226815e-06,
      "loss": 0.0759,
      "step": 500
    },
    {
      "epoch": 2.0,
      "eval_accuracy": 0.5730027548209367,
      "eval_cf_report": {
        "0": {
          "f1-score": 0.14814814814814814,
          "precision": 1.0,
          "recall": 0.08,
          "support": 25.0
        },
        "1": {
          "f1-score": 0.33333333333333337,
          "precision": 1.0,
          "recall": 0.2,
          "support": 20.0
        },
        "2": {
          "f1-score": 0.8460038986354778,
          "precision": 0.7482758620689656,
          "recall": 0.9730941704035875,
          "support": 223.0
        },
        "3": {
          "f1-score": 0.0,
          "precision": 0.0,
          "recall": 0.0,
          "support": 8.0
        },
        "4": {
          "f1-score": 0.7132867132867133,
          "precision": 0.6623376623376623,
          "recall": 0.7727272727272727,
          "support": 66.0
        },
        "5": {
          "f1-score": 0.3835616438356164,
          "precision": 0.8235294117647058,
          "recall": 0.25,
          "support": 56.0
        },
        "6": {
          "f1-score": 0.19999999999999998,
          "precision": 1.0,
          "recall": 0.1111111111111111,
          "support": 9.0
        },
        "macro avg": {
          "f1-score": 0.3749048196056127,
          "precision": 0.7477347051673334,
          "recall": 0.34099036489171025,
          "support": 407.0
        },
        "micro avg": {
          "f1-score": 0.7243107769423558,
          "precision": 0.7391304347826086,
          "recall": 0.7100737100737101,
          "support": 407.0
        },
        "samples avg": {
          "f1-score": 0.5988062442607898,
          "precision": 0.633149678604224,
          "recall": 0.5973370064279155,
          "support": 407.0
        },
        "weighted avg": {
          "f1-score": 0.6618811176850111,
          "precision": 0.7633843980699964,
          "recall": 0.7100737100737101,
          "support": 407.0
        }
      },
      "eval_hammingLoss": 0.08658008658008658,
      "eval_loss": 0.06276530027389526,
      "eval_runtime": 11.518,
      "eval_samples_per_second": 31.516,
      "eval_steps_per_second": 31.516,
      "step": 727
    },
    {
      "epoch": 2.75,
      "grad_norm": 0.8437836766242981,
      "learning_rate": 9.081726354453628e-06,
      "loss": 0.0571,
      "step": 1000
    },
    {
      "epoch": 3.0,
      "eval_accuracy": 0.6143250688705234,
      "eval_cf_report": {
        "0": {
          "f1-score": 0.14814814814814814,
          "precision": 1.0,
          "recall": 0.08,
          "support": 25.0
        },
        "1": {
          "f1-score": 0.4999999999999999,
          "precision": 0.875,
          "recall": 0.35,
          "support": 20.0
        },
        "2": {
          "f1-score": 0.8298368298368297,
          "precision": 0.8640776699029126,
          "recall": 0.7982062780269058,
          "support": 223.0
        },
        "3": {
          "f1-score": 0.0,
          "precision": 0.0,
          "recall": 0.0,
          "support": 8.0
        },
        "4": {
          "f1-score": 0.793103448275862,
          "precision": 0.92,
          "recall": 0.696969696969697,
          "support": 66.0
        },
        "5": {
          "f1-score": 0.6666666666666666,
          "precision": 0.8378378378378378,
          "recall": 0.5535714285714286,
          "support": 56.0
        },
        "6": {
          "f1-score": 0.3636363636363636,
          "precision": 1.0,
          "recall": 0.2222222222222222,
          "support": 9.0
        },
        "macro avg": {
          "f1-score": 0.4716273509376957,
          "precision": 0.7852736439629643,
          "recall": 0.385852803684322,
          "support": 407.0
        },
        "micro avg": {
          "f1-score": 0.747191011235955,
          "precision": 0.8721311475409836,
          "recall": 0.6535626535626535,
          "support": 407.0
        },
        "samples avg": {
          "f1-score": 0.5559228650137741,
          "precision": 0.5826446280991735,
          "recall": 0.55188246097337,
          "support": 407.0
        },
        "weighted avg": {
          "f1-score": 0.7167277762889046,
          "precision": 0.8644428484208069,
          "recall": 0.6535626535626535,
          "support": 407.0
        }
      },
      "eval_hammingLoss": 0.07083825265643448,
      "eval_loss": 0.05094120278954506,
      "eval_runtime": 11.5454,
      "eval_samples_per_second": 31.441,
      "eval_steps_per_second": 31.441,
      "step": 1091
    },
    {
      "epoch": 4.0,
      "eval_accuracy": 0.71900826446281,
      "eval_cf_report": {
        "0": {
          "f1-score": 0.43750000000000006,
          "precision": 1.0,
          "recall": 0.28,
          "support": 25.0
        },
        "1": {
          "f1-score": 0.6666666666666666,
          "precision": 1.0,
          "recall": 0.5,
          "support": 20.0
        },
        "2": {
          "f1-score": 0.9075268817204302,
          "precision": 0.871900826446281,
          "recall": 0.9461883408071748,
          "support": 223.0
        },
        "3": {
          "f1-score": 0.0,
          "precision": 0.0,
          "recall": 0.0,
          "support": 8.0
        },
        "4": {
          "f1-score": 0.8648648648648648,
          "precision": 0.7804878048780488,