{
  "best_metric": 0.043103381991386414,
  "best_model_checkpoint": "/var/projetos/Jupyterhubstorage/victor.silva/HelBERTModel/Modelos/Indicios/CrossValidation/Chunks/mBERT_fold_2/checkpoint-1817",
  "epoch": 4.998624484181568,
  "eval_steps": 500,
  "global_step": 1817,
  "is_hyper_param_search": false,
  "is_local_process_zero": true,
  "is_world_process_zero": true,
  "log_history": [
    {
      "epoch": 1.0,
      "eval_accuracy": 0.45054945054945056,
      "eval_cf_report": {
        "0": {
          "f1-score": 0.0,
          "precision": 0.0,
          "recall": 0.0,
          "support": 24.0
        },
        "1": {
          "f1-score": 0.0,
          "precision": 0.0,
          "recall": 0.0,
          "support": 20.0
        },
        "2": {
          "f1-score": 0.7933194154488518,
          "precision": 0.7421875,
          "recall": 0.852017937219731,
          "support": 223.0
        },
        "3": {
          "f1-score": 0.0,
          "precision": 0.0,
          "recall": 0.0,
          "support": 8.0
        },
        "4": {
          "f1-score": 0.47826086956521735,
          "precision": 0.8461538461538461,
          "recall": 0.3333333333333333,
          "support": 66.0
        },
        "5": {
          "f1-score": 0.0,
          "precision": 0.0,
          "recall": 0.0,
          "support": 56.0
        },
        "6": {
          "f1-score": 0.0,
          "precision": 0.0,
          "recall": 0.0,
          "support": 10.0
        },
        "macro avg": {
          "f1-score": 0.1816543264305813,
          "precision": 0.22690590659340662,
          "recall": 0.1693358957932949,
          "support": 407.0
        },
        "micro avg": {
          "f1-score": 0.6153846153846153,
          "precision": 0.75177304964539,
          "recall": 0.5208845208845209,
          "support": 407.0
        },
        "samples avg": {
          "f1-score": 0.48626373626373626,
          "precision": 0.5480769230769231,
          "recall": 0.45879120879120877,
          "support": 407.0
        },
        "weighted avg": {
          "f1-score": 0.5122246855931162,
          "precision": 0.5438672391797391,
          "recall": 0.5208845208845209,
          "support": 407.0
        }
      },
      "eval_hammingLoss": 0.10400313971742543,
      "eval_loss": 0.07207199931144714,
      "eval_runtime": 13.145,
      "eval_samples_per_second": 27.691,
      "eval_steps_per_second": 27.691,
      "step": 363
    },
    {
      "epoch": 1.38,
      "grad_norm": 1.5875730514526367,
      "learning_rate": 9.542699724517907e-06,
      "loss": 0.0766,
      "step": 500
    },
    {
      "epoch": 2.0,
      "eval_accuracy": 0.5054945054945055,
      "eval_cf_report": {
        "0": {
          "f1-score": 0.0,
          "precision": 0.0,
          "recall": 0.0,
          "support": 24.0
        },
        "1": {
          "f1-score": 0.0,
          "precision": 0.0,
          "recall": 0.0,
          "support": 20.0
        },
        "2": {
          "f1-score": 0.839924670433145,
          "precision": 0.724025974025974,
          "recall": 1.0,
          "support": 223.0
        },
        "3": {
          "f1-score": 0.0,
          "precision": 0.0,
          "recall": 0.0,
          "support": 8.0
        },
        "4": {
          "f1-score": 0.5811965811965812,
          "precision": 0.6666666666666666,
          "recall": 0.5151515151515151,
          "support": 66.0
        },
        "5": {
          "f1-score": 0.2368421052631579,
          "precision": 0.45,
          "recall": 0.16071428571428573,
          "support": 56.0
        },
        "6": {
          "f1-score": 0.0,
          "precision": 0.0,
          "recall": 0.0,
          "support": 10.0
        },
        "macro avg": {
          "f1-score": 0.23685190812755488,
          "precision": 0.2629560915275201,
          "recall": 0.23940940012368586,
          "support": 407.0
        },
        "micro avg": {
          "f1-score": 0.6768447837150127,
          "precision": 0.7018469656992085,
          "recall": 0.6535626535626535,
          "support": 407.0
        },
        "samples avg": {
          "f1-score": 0.5714285714285714,
          "precision": 0.6291208791208791,
          "recall": 0.5613553113553114,
          "support": 407.0
        },
        "weighted avg": {
          "f1-score": 0.5870401320891955,
          "precision": 0.5667267621813076,
          "recall": 0.6535626535626535,
          "support": 407.0
        }
      },
      "eval_hammingLoss": 0.09968602825745683,
      "eval_loss": 0.06737446039915085,
      "eval_runtime": 13.1183,
      "eval_samples_per_second": 27.747,
      "eval_steps_per_second": 27.747,
      "step": 727
    },
    {
      "epoch": 2.75,
      "grad_norm": 0.764416515827179,
      "learning_rate": 9.084481175390268e-06,
      "loss": 0.0537,
      "step": 1000
    },
    {
      "epoch": 3.0,
      "eval_accuracy": 0.6071428571428571,
      "eval_cf_report": {
        "0": {
          "f1-score": 0.0,
          "precision": 0.0,
          "recall": 0.0,
          "support": 24.0
        },
        "1": {
          "f1-score": 0.35714285714285715,
          "precision": 0.625,
          "recall": 0.25,
          "support": 20.0
        },
        "2": {
          "f1-score": 0.9151785714285713,
          "precision": 0.9111111111111111,
          "recall": 0.9192825112107623,
          "support": 223.0
        },
        "3": {
          "f1-score": 0.0,
          "precision": 0.0,
          "recall": 0.0,
          "support": 8.0
        },
        "4": {
          "f1-score": 0.7499999999999999,
          "precision": 0.8333333333333334,
          "recall": 0.6818181818181818,
          "support": 66.0
        },
        "5": {
          "f1-score": 0.325,
          "precision": 0.5416666666666666,
          "recall": 0.23214285714285715,
          "support": 56.0
        },
        "6": {
          "f1-score": 0.18181818181818182,
          "precision": 1.0,
          "recall": 0.1,
          "support": 10.0
        },
        "macro avg": {
          "f1-score": 0.3613056586270872,
          "precision": 0.5587301587301587,
          "recall": 0.3118919357388288,
          "support": 407.0
        },
        "micro avg": {
          "f1-score": 0.7482614742698191,
          "precision": 0.8621794871794872,
          "recall": 0.6609336609336609,
          "support": 407.0
        },
        "samples avg": {
          "f1-score": 0.5836996336996336,
          "precision": 0.6318681318681318,
          "recall": 0.5695970695970696,
          "support": 407.0
        },
        "weighted avg": {
          "f1-score": 0.6897932687705413,
          "precision": 0.7641550641550642,
          "recall": 0.6609336609336609,
          "support": 407.0
        }
      },
      "eval_hammingLoss": 0.07103610675039246,
      "eval_loss": 0.048287563025951385,
      "eval_runtime": 13.0151,
      "eval_samples_per_second": 27.968,
      "eval_steps_per_second": 27.968,
      "step": 1090
    },
    {
      "epoch": 4.0,
      "eval_accuracy": 0.6373626373626373,
      "eval_cf_report": {
        "0": {
          "f1-score": 0.21428571428571427,
          "precision": 0.75,
          "recall": 0.125,
          "support": 24.0
        },
        "1": {
          "f1-score": 0.1739130434782609,
          "precision": 0.6666666666666666,
          "recall": 0.1,
          "support": 20.0
        },
        "2": {
          "f1-score": 0.9014675052410902,
          "precision": 0.8464566929133859,
          "recall": 0.9641255605381166,
          "support": 223.0
        },
        "3": {
          "f1-score": 0.0,
          "precision": 0.0,
          "recall": 0.0,
          "support": 8.0
        },
        "4": {
          "f1-score": 0.7819548872180451,
          "precision": 0.7761194029850746,
          "recall": 0.7878787878787878,
          "support": 66.0
        },
        "5": {
          "f1-score": 0.32,