{
    "model_name": "LegalBERT-pt-sc",
    "accuracy": 0.7622156336242261,
    "precision": 0.8919685627797138,
    "recall": 0.8528623231123259,
    "f1": 0.8714366700169803,
    "roc_auc": 0.9160633417581938,
    "hammingLoss": 0.041653081013116815,
    "training_time": 19570.993958473206
}