{
    "model_name": "mBERT",
    "accuracy": 0.7640691429850078,
    "precision": 0.8869851696340441,
    "recall": 0.8572773197427335,
    "f1": 0.8718113335463225,
    "roc_auc": 0.9178062156522053,
    "hammingLoss": 0.041737525173416876,
    "training_time": 25538.29229617119
}