{
  "best_metric": 0.05353173986077309,
  "best_model_checkpoint": "/var/projetos/Jupyterhubstorage/victor.silva/HelBERTModel/Modelos/Indicios/CrossValidation/Chunks/mBERT_fold_4/checkpoint-1817",
  "epoch": 4.998624484181568,
  "eval_steps": 500,
  "global_step": 1817,
  "is_hyper_param_search": false,
  "is_local_process_zero": true,
  "is_world_process_zero": true,
  "log_history": [
    {
      "epoch": 1.0,
      "eval_accuracy": 0.3791208791208791,
      "eval_cf_report": {
        "0": {
          "f1-score": 0.0,
          "precision": 0.0,
          "recall": 0.0,
          "support": 24.0
        },
        "1": {
          "f1-score": 0.0,
          "precision": 0.0,
          "recall": 0.0,
          "support": 21.0
        },
        "2": {
          "f1-score": 0.6900000000000001,
          "precision": 0.7840909090909091,
          "recall": 0.6160714285714286,
          "support": 224.0
        },
        "3": {
          "f1-score": 0.0,
          "precision": 0.0,
          "recall": 0.0,
          "support": 8.0
        },
        "4": {
          "f1-score": 0.08695652173913045,
          "precision": 1.0,
          "recall": 0.045454545454545456,
          "support": 66.0
        },
        "5": {
          "f1-score": 0.0,
          "precision": 0.0,
          "recall": 0.0,
          "support": 57.0
        },
        "6": {
          "f1-score": 0.0,
          "precision": 0.0,
          "recall": 0.0,
          "support": 9.0
        },
        "macro avg": {
          "f1-score": 0.11099378881987579,
          "precision": 0.25487012987012986,
          "recall": 0.09450371057513915,
          "support": 409.0
        },
        "micro avg": {
          "f1-score": 0.47959183673469385,
          "precision": 0.7877094972067039,
          "recall": 0.34474327628361856,
          "support": 409.0
        },
        "samples avg": {
          "f1-score": 0.32142857142857145,
          "precision": 0.3791208791208791,
          "recall": 0.29395604395604397,
          "support": 409.0
        },
        "weighted avg": {
          "f1-score": 0.39192941426597216,
          "precision": 0.5907979551011335,
          "recall": 0.34474327628361856,
          "support": 409.0
        }
      },
      "eval_hammingLoss": 0.12009419152276295,
      "eval_loss": 0.07421223819255829,
      "eval_runtime": 13.0438,
      "eval_samples_per_second": 27.906,
      "eval_steps_per_second": 27.906,
      "step": 363
    },
    {
      "epoch": 1.38,
      "grad_norm": 0.8331848382949829,
      "learning_rate": 9.54178145087236e-06,
      "loss": 0.0754,
      "step": 500
    },
    {
      "epoch": 2.0,
      "eval_accuracy": 0.4697802197802198,
      "eval_cf_report": {
        "0": {
          "f1-score": 0.0,
          "precision": 0.0,
          "recall": 0.0,
          "support": 24.0
        },
        "1": {
          "f1-score": 0.0,
          "precision": 0.0,
          "recall": 0.0,
          "support": 21.0
        },
        "2": {
          "f1-score": 0.8127340823970037,
          "precision": 0.7,
          "recall": 0.96875,
          "support": 224.0
        },
        "3": {
          "f1-score": 0.0,
          "precision": 0.0,
          "recall": 0.0,
          "support": 8.0
        },
        "4": {
          "f1-score": 0.42857142857142855,
          "precision": 1.0,
          "recall": 0.2727272727272727,
          "support": 66.0
        },
        "5": {
          "f1-score": 0.20512820512820512,
          "precision": 0.38095238095238093,
          "recall": 0.14035087719298245,
          "support": 57.0
        },
        "6": {
          "f1-score": 0.0,
          "precision": 0.0,
          "recall": 0.0,
          "support": 9.0
        },
        "macro avg": {
          "f1-score": 0.20663338801380535,
          "precision": 0.2972789115646258,
          "recall": 0.1974040214171793,
          "support": 409.0
        },
        "micro avg": {
          "f1-score": 0.6411609498680738,
          "precision": 0.6962750716332379,
          "recall": 0.5941320293398533,
          "support": 409.0
        },
        "samples avg": {
          "f1-score": 0.5251831501831502,
          "precision": 0.6002747252747253,
          "recall": 0.49679487179487175,
          "support": 409.0
        },
        "weighted avg": {
          "f1-score": 0.5428617516746963,
          "precision": 0.5978344393992315,
          "recall": 0.5941320293398533,
          "support": 409.0
        }
      },
      "eval_hammingLoss": 0.10675039246467818,
      "eval_loss": 0.06724205613136292,
      "eval_runtime": 13.0862,
      "eval_samples_per_second": 27.816,
      "eval_steps_per_second": 27.816,
      "step": 727
    },
    {
      "epoch": 2.75,
      "grad_norm": 2.537421941757202,
      "learning_rate": 9.082644628099175e-06,
      "loss": 0.0642,
      "step": 1000
    },
    {
      "epoch": 3.0,
      "eval_accuracy": 0.5192307692307693,
      "eval_cf_report": {
        "0": {
          "f1-score": 0.0,
          "precision": 0.0,
          "recall": 0.0,
          "support": 24.0
        },
        "1": {
          "f1-score": 0.0,
          "precision": 0.0,
          "recall": 0.0,
          "support": 21.0
        },
        "2": {
          "f1-score": 0.8230088495575222,
          "precision": 0.8157894736842105,
          "recall": 0.8303571428571429,
          "support": 224.0
        },
        "3": {
          "f1-score": 0.0,
          "precision": 0.0,
          "recall": 0.0,
          "support": 8.0
        },
        "4": {
          "f1-score": 0.6470588235294118,
          "precision": 0.9166666666666666,
          "recall": 0.5,
          "support": 66.0
        },
        "5": {
          "f1-score": 0.43636363636363634,
          "precision": 0.4528301886792453,
          "recall": 0.42105263157894735,
          "support": 57.0
        },
        "6": {
          "f1-score": 0.3636363636363636,
          "precision": 1.0,
          "recall": 0.2222222222222222,
          "support": 9.0
        },
        "macro avg": {
          "f1-score": 0.32429538186956197,
          "precision": 0.4550409041471603,
          "recall": 0.28194742809404466,
          "support": 409.0
        },
        "micro avg": {
          "f1-score": 0.6730769230769231,
          "precision": 0.768025078369906,
          "recall": 0.5990220048899756,
          "support": 409.0
        },
        "samples avg": {
          "f1-score": 0.5082417582417582,
          "precision": 0.5563186813186813,
          "recall": 0.4945054945054945,
          "support": 409.0
        },
        "weighted avg": {
          "f1-score": 0.6239738855728135,
          "precision": 0.6798243590708561,
          "recall": 0.5990220048899756,
          "support": 409.0
        }
      },
      "eval_hammingLoss": 0.09340659340659341,
      "eval_loss": 0.06218407675623894,
      "eval_runtime": 13.0596,
      "eval_samples_per_second": 27.872,
      "eval_steps_per_second": 27.872,
      "step": 1090
    },
    {
      "epoch": 4.0,
      "eval_accuracy": 0.5824175824175825,
      "eval_cf_report": {
        "0": {
          "f1-score": 0.0,
          "precision": 0.0,
          "recall": 0.0,
          "support": 24.0
        },
        "1": {
          "f1-score": 0.0,
          "precision": 0.0,
          "recall": 0.0,
          "support": 21.0
        },
        "2": {
          "f1-score": 0.8944099378881988,
          "precision": 0.833976833976834,
          "recall": 0.9642857142857143,
          "support": 224.0
        },
        "3": {
          "f1-score": 0.0,
          "precision": 0.0,
          "recall": 0.0,
          "support": 8.0
        },
        "4": {
          "f1-score": 0.6785714285714286,
          "precision": 0.8260869565217391,
          "recall": 0.5757575757575758,
          "support": 66.0
        },
        "5": {
          "f1-score": 0.46296296296296297,
          "precision": 0.49019607843137253,