{
    "model_name": "BERTimbau",
    "accuracy": 0.8361751323935257,
    "precision": 0.9184422703056846,
    "recall": 0.9093592126796489,
    "f1": 0.9137568425280206,
    "roc_auc": 0.9466735755210882,
    "hammingLoss": 0.028380696651003207,
    "training_time": 23543.764272212982
}