{
    "model_name": "HelBERT-base-uncased",
    "accuracy": 0.8820149921682703,
    "precision": 0.9460795076254158,
    "recall": 0.9367825154156344,
    "f1": 0.9413231008769893,
    "roc_auc": 0.9631052426464454,
    "hammingLoss": 0.01930015237242805,
    "training_time": 18159.945270061493
}