{
  "best_metric": 0.04642745107412338,
  "best_model_checkpoint": "/var/projetos/Jupyterhubstorage/victor.silva/HelBERTModel/Modelos/Indicios/CrossValidation/Chunks/LegalBERT-pt-sc_fold_3/checkpoint-1818",
  "epoch": 4.997938144329897,
  "eval_steps": 500,
  "global_step": 1818,
  "is_hyper_param_search": false,
  "is_local_process_zero": true,
  "is_world_process_zero": true,
  "log_history": [
    {
      "epoch": 1.0,
      "eval_accuracy": 0.39118457300275483,
      "eval_cf_report": {
        "0": {
          "f1-score": 0.0,
          "precision": 0.0,
          "recall": 0.0,
          "support": 25.0
        },
        "1": {
          "f1-score": 0.0,
          "precision": 0.0,
          "recall": 0.0,
          "support": 21.0
        },
        "2": {
          "f1-score": 0.7606837606837608,
          "precision": 0.7295081967213115,
          "recall": 0.7946428571428571,
          "support": 224.0
        },
        "3": {
          "f1-score": 0.0,
          "precision": 0.0,
          "recall": 0.0,
          "support": 8.0
        },
        "4": {
          "f1-score": 0.05882352941176471,
          "precision": 1.0,
          "recall": 0.030303030303030304,
          "support": 66.0
        },
        "5": {
          "f1-score": 0.08955223880597013,
          "precision": 0.3,
          "recall": 0.05263157894736842,
          "support": 57.0
        },
        "6": {
          "f1-score": 0.0,
          "precision": 0.0,
          "recall": 0.0,
          "support": 10.0
        },
        "macro avg": {
          "f1-score": 0.12986564698592792,
          "precision": 0.2899297423887588,
          "recall": 0.12536820948475083,
          "support": 411.0
        },
        "micro avg": {
          "f1-score": 0.5487256371814093,
          "precision": 0.71484375,
          "recall": 0.44525547445255476,
          "support": 411.0
        },
        "samples avg": {
          "f1-score": 0.4067033976124885,
          "precision": 0.48484848484848486,
          "recall": 0.3716712580348944,
          "support": 411.0
        },
        "weighted avg": {
          "f1-score": 0.4364476714021391,
          "precision": 0.5997806230305931,
          "recall": 0.44525547445255476,
          "support": 411.0
        }
      },
      "eval_hammingLoss": 0.1184573002754821,
      "eval_loss": 0.07228843867778778,
      "eval_runtime": 11.4584,
      "eval_samples_per_second": 31.68,
      "eval_steps_per_second": 31.68,
      "step": 363
    },
    {
      "epoch": 1.37,
      "grad_norm": 1.6332882642745972,
      "learning_rate": 9.540863177226815e-06,
      "loss": 0.0777,
      "step": 500
    },
    {
      "epoch": 2.0,
      "eval_accuracy": 0.4214876033057851,
      "eval_cf_report": {
        "0": {
          "f1-score": 0.14814814814814814,
          "precision": 1.0,
          "recall": 0.08,
          "support": 25.0
        },
        "1": {
          "f1-score": 0.24,
          "precision": 0.75,
          "recall": 0.14285714285714285,
          "support": 21.0
        },
        "2": {
          "f1-score": 0.8029465930018416,
          "precision": 0.6833855799373041,
          "recall": 0.9732142857142857,
          "support": 224.0
        },
        "3": {
          "f1-score": 0.0,
          "precision": 0.0,
          "recall": 0.0,
          "support": 8.0
        },
        "4": {
          "f1-score": 0.5106382978723404,
          "precision": 0.8571428571428571,
          "recall": 0.36363636363636365,
          "support": 66.0
        },
        "5": {
          "f1-score": 0.4387096774193548,
          "precision": 0.3469387755102041,
          "recall": 0.5964912280701754,
          "support": 57.0
        },
        "6": {
          "f1-score": 0.0,
          "precision": 0.0,
          "recall": 0.0,
          "support": 10.0
        },
        "macro avg": {
          "f1-score": 0.3057775309202407,
          "precision": 0.5196381732271951,
          "recall": 0.3080284314682811,
          "support": 411.0
        },
        "micro avg": {
          "f1-score": 0.6519721577726217,
          "precision": 0.623059866962306,
          "recall": 0.683698296836983,
          "support": 411.0
        },
        "samples avg": {
          "f1-score": 0.5506887052341597,
          "precision": 0.5835629017447199,
          "recall": 0.5686409550045913,
          "support": 411.0
        },
        "weighted avg": {
          "f1-score": 0.6017331382204232,
          "precision": 0.6573608483733974,
          "recall": 0.683698296836983,
          "support": 411.0
        }
      },
      "eval_hammingLoss": 0.1180637544273908,
      "eval_loss": 0.07535561919212341,
      "eval_runtime": 11.5388,
      "eval_samples_per_second": 31.459,
      "eval_steps_per_second": 31.459,
      "step": 727
    },
    {
      "epoch": 2.75,
      "grad_norm": 1.6610945463180542,
      "learning_rate": 9.081726354453628e-06,
      "loss": 0.0564,
      "step": 1000
    },
    {
      "epoch": 3.0,
      "eval_accuracy": 0.6005509641873278,
      "eval_cf_report": {
        "0": {
          "f1-score": 0.0,
          "precision": 0.0,
          "recall": 0.0,
          "support": 25.0
        },
        "1": {
          "f1-score": 0.25,
          "precision": 1.0,
          "recall": 0.14285714285714285,
          "support": 21.0
        },
        "2": {
          "f1-score": 0.8248337028824834,
          "precision": 0.8193832599118943,
          "recall": 0.8303571428571429,
          "support": 224.0
        },
        "3": {
          "f1-score": 0.0,
          "precision": 0.0,
          "recall": 0.0,
          "support": 8.0
        },
        "4": {
          "f1-score": 0.7820512820512822,
          "precision": 0.6777777777777778,
          "recall": 0.9242424242424242,
          "support": 66.0
        },
        "5": {
          "f1-score": 0.5494505494505495,
          "precision": 0.7352941176470589,
          "recall": 0.43859649122807015,
          "support": 57.0
        },
        "6": {
          "f1-score": 0.33333333333333337,
          "precision": 1.0,
          "recall": 0.2,
          "support": 10.0
        },
        "macro avg": {
          "f1-score": 0.3913812668168069,
          "precision": 0.6046364507623901,
          "recall": 0.3622933144549686,
          "support": 411.0
        },
        "micro avg": {
          "f1-score": 0.7222946544980443,
          "precision": 0.7780898876404494,
          "recall": 0.6739659367396593,
          "support": 411.0
        },
        "samples avg": {
          "f1-score": 0.5556473829201102,
          "precision": 0.5858585858585859,
          "recall": 0.5548668503213958,
          "support": 411.0
        },
        "weighted avg": {
          "f1-score": 0.6722144737544417,
          "precision": 0.7328149592688079,
          "recall": 0.6739659367396593,
          "support": 411.0
        }
      },
      "eval_hammingLoss": 0.08382526564344746,
      "eval_loss": 0.058775510638952255,
      "eval_runtime": 11.4847,
      "eval_samples_per_second": 31.607,
      "eval_steps_per_second": 31.607,
      "step": 1091
    },
    {
      "epoch": 4.0,
      "eval_accuracy": 0.6859504132231405,
      "eval_cf_report": {
        "0": {
          "f1-score": 0.5294117647058824,
          "precision": 1.0,
          "recall": 0.36,
          "support": 25.0
        },
        "1": {
          "f1-score": 0.36363636363636365,
          "precision": 0.5,
          "recall": 0.2857142857142857,
          "support": 21.0
        },
        "2": {
          "f1-score": 0.8818565400843882,
          "precision": 0.836,
          "recall": 0.9330357142857143,
          "support": 224.0
        },
        "3": {
          "f1-score": 0.0,
          "precision": 0.0,
          "recall": 0.0,
          "support": 8.0
        },
        "4": {
          "f1-score": 0.825,
          "precision": 0.7021276595744681,
          "recall": 1.0,