{
  "best_metric": 0.03636674955487251,
  "best_model_checkpoint": "/var/projetos/Jupyterhubstorage/victor.silva/HelBERTModel/Modelos/Indicios/CrossValidation/Chunks/mBERT_fold_5/checkpoint-2546",
  "epoch": 6.999312714776632,
  "eval_steps": 500,
  "global_step": 2546,
  "is_hyper_param_search": false,
  "is_local_process_zero": true,
  "is_world_process_zero": true,
  "log_history": [
    {
      "epoch": 1.0,
      "eval_accuracy": 0.4462809917355372,
      "eval_cf_report": {
        "0": {
          "f1-score": 0.0,
          "precision": 0.0,
          "recall": 0.0,
          "support": 25.0
        },
        "1": {
          "f1-score": 0.0,
          "precision": 0.0,
          "recall": 0.0,
          "support": 20.0
        },
        "2": {
          "f1-score": 0.8388349514563107,
          "precision": 0.7397260273972602,
          "recall": 0.968609865470852,
          "support": 223.0
        },
        "3": {
          "f1-score": 0.0,
          "precision": 0.0,
          "recall": 0.0,
          "support": 8.0
        },
        "4": {
          "f1-score": 0.0,
          "precision": 0.0,
          "recall": 0.0,
          "support": 66.0
        },
        "5": {
          "f1-score": 0.0,
          "precision": 0.0,
          "recall": 0.0,
          "support": 56.0
        },
        "6": {
          "f1-score": 0.0,
          "precision": 0.0,
          "recall": 0.0,
          "support": 9.0
        },
        "macro avg": {
          "f1-score": 0.11983356449375868,
          "precision": 0.10567514677103718,
          "recall": 0.13837283792440744,
          "support": 407.0
        },
        "micro avg": {
          "f1-score": 0.6180257510729613,
          "precision": 0.7397260273972602,
          "recall": 0.5307125307125307,
          "support": 407.0
        },
        "samples avg": {
          "f1-score": 0.5036730945821855,
          "precision": 0.5950413223140496,
          "recall": 0.45867768595041325,
          "support": 407.0
        },
        "weighted avg": {
          "f1-score": 0.4596073566947354,
          "precision": 0.405304432701693,
          "recall": 0.5307125307125307,
          "support": 407.0
        }
      },
      "eval_hammingLoss": 0.1050767414403778,
      "eval_loss": 0.06419476866722107,
      "eval_runtime": 13.1387,
      "eval_samples_per_second": 27.628,
      "eval_steps_per_second": 27.628,
      "step": 363
    },
    {
      "epoch": 1.37,
      "grad_norm": 0.3424322307109833,
      "learning_rate": 9.540863177226815e-06,
      "loss": 0.0724,
      "step": 500
    },
    {
      "epoch": 2.0,
      "eval_accuracy": 0.5922865013774105,
      "eval_cf_report": {
        "0": {
          "f1-score": 0.0,
          "precision": 0.0,
          "recall": 0.0,
          "support": 25.0
        },
        "1": {
          "f1-score": 0.0,
          "precision": 0.0,
          "recall": 0.0,
          "support": 20.0
        },
        "2": {
          "f1-score": 0.9264069264069265,
          "precision": 0.895397489539749,
          "recall": 0.9596412556053812,
          "support": 223.0
        },
        "3": {
          "f1-score": 0.0,
          "precision": 0.0,
          "recall": 0.0,
          "support": 8.0
        },
        "4": {
          "f1-score": 0.7050359712230216,
          "precision": 0.6712328767123288,
          "recall": 0.7424242424242424,
          "support": 66.0
        },
        "5": {
          "f1-score": 0.03508771929824561,
          "precision": 1.0,
          "recall": 0.017857142857142856,
          "support": 56.0
        },
        "6": {
          "f1-score": 0.0,
          "precision": 0.0,
          "recall": 0.0,
          "support": 9.0
        },
        "macro avg": {
          "f1-score": 0.2380758024183134,
          "precision": 0.3666614808931539,
          "recall": 0.2457032344123952,
          "support": 407.0
        },
        "micro avg": {
          "f1-score": 0.7333333333333334,
          "precision": 0.8434504792332268,
          "recall": 0.6486486486486487,
          "support": 407.0
        },
        "samples avg": {
          "f1-score": 0.5764003673094582,
          "precision": 0.6377410468319559,
          "recall": 0.5518824609733701,
          "support": 407.0
        },
        "weighted avg": {
          "f1-score": 0.6267470048407021,
          "precision": 0.7370393366839747,
          "recall": 0.6486486486486487,
          "support": 407.0
        }
      },
      "eval_hammingLoss": 0.0755608028335301,
      "eval_loss": 0.049719955772161484,
      "eval_runtime": 13.1208,
      "eval_samples_per_second": 27.666,
      "eval_steps_per_second": 27.666,
      "step": 727
    },
    {
      "epoch": 2.75,
      "grad_norm": 0.7451415657997131,
      "learning_rate": 9.081726354453628e-06,
      "loss": 0.0544,
      "step": 1000
    },
    {
      "epoch": 3.0,
      "eval_accuracy": 0.5702479338842975,
      "eval_cf_report": {
        "0": {
          "f1-score": 0.0,
          "precision": 0.0,
          "recall": 0.0,
          "support": 25.0
        },
        "1": {
          "f1-score": 0.0,
          "precision": 0.0,
          "recall": 0.0,
          "support": 20.0
        },
        "2": {
          "f1-score": 0.9302325581395349,
          "precision": 0.966183574879227,
          "recall": 0.8968609865470852,
          "support": 223.0
        },
        "3": {
          "f1-score": 0.0,
          "precision": 0.0,
          "recall": 0.0,
          "support": 8.0
        },
        "4": {
          "f1-score": 0.5054945054945055,
          "precision": 0.92,
          "recall": 0.3484848484848485,
          "support": 66.0
        },
        "5": {
          "f1-score": 0.32352941176470584,
          "precision": 0.9166666666666666,
          "recall": 0.19642857142857142,
          "support": 56.0
        },
        "6": {
          "f1-score": 0.0,
          "precision": 0.0,
          "recall": 0.0,
          "support": 9.0
        },
        "macro avg": {
          "f1-score": 0.2513223536283923,
          "precision": 0.40040717736369913,
          "recall": 0.20596777235150074,
          "support": 407.0
        },
        "micro avg": {
          "f1-score": 0.7188940092165899,
          "precision": 0.9590163934426229,
          "recall": 0.5749385749385749,
          "support": 407.0
        },
        "samples avg": {
          "f1-score": 0.5142332415059687,
          "precision": 0.5730027548209367,
          "recall": 0.48852157943067037,
          "support": 407.0
        },
        "weighted avg": {
          "f1-score": 0.6361723461586662,
          "precision": 0.8046984533941055,
          "recall": 0.5749385749385749,
          "support": 407.0
        }
      },
      "eval_hammingLoss": 0.07201889020070838,
      "eval_loss": 0.05278873071074486,
      "eval_runtime": 13.115,
      "eval_samples_per_second": 27.678,
      "eval_steps_per_second": 27.678,
      "step": 1091
    },
    {
      "epoch": 4.0,
      "eval_accuracy": 0.6446280991735537,
      "eval_cf_report": {
        "0": {
          "f1-score": 0.07692307692307693,
          "precision": 1.0,
          "recall": 0.04,
          "support": 25.0
        },
        "1": {
          "f1-score": 0.5454545454545455,
          "precision": 0.6923076923076923,
          "recall": 0.45,
          "support": 20.0
        },
        "2": {
          "f1-score": 0.9180327868852459,
          "precision": 0.9607843137254902,
          "recall": 0.8789237668161435,
          "support": 223.0
        },
        "3": {
          "f1-score": 0.0,
          "precision": 0.0,
          "recall": 0.0,
          "support": 8.0
        },
        "4": {
          "f1-score": 0.7927927927927928,
          "precision": 0.9777777777777777,
          "recall": 0.6666666666666666,
          "support": 66.0
        },
        "5": {
          "f1-score": 0.5984251968503937,
          "precision": 0.5352112676056338,