{
  "best_metric": 0.026583973318338394,
  "best_model_checkpoint": "/var/projetos/Jupyterhubstorage/victor.silva/HelBERTModel/Modelos/Indicios/CrossValidation/Chunks/HelBERT-uncased-fs-6_fold_3/checkpoint-2546",
  "epoch": 6.999312714776632,
  "eval_steps": 500,
  "global_step": 2546,
  "is_hyper_param_search": false,
  "is_local_process_zero": true,
  "is_world_process_zero": true,
  "log_history": [
    {
      "epoch": 1.0,
      "eval_accuracy": 0.5013774104683195,
      "eval_cf_report": {
        "0": {
          "f1-score": 0.0,
          "precision": 0.0,
          "recall": 0.0,
          "support": 25.0
        },
        "1": {
          "f1-score": 0.5161290322580645,
          "precision": 0.8,
          "recall": 0.38095238095238093,
          "support": 21.0
        },
        "2": {
          "f1-score": 0.7450980392156864,
          "precision": 0.8260869565217391,
          "recall": 0.6785714285714286,
          "support": 224.0
        },
        "3": {
          "f1-score": 0.0,
          "precision": 0.0,
          "recall": 0.0,
          "support": 8.0
        },
        "4": {
          "f1-score": 0.40963855421686746,
          "precision": 1.0,
          "recall": 0.25757575757575757,
          "support": 66.0
        },
        "5": {
          "f1-score": 0.5585585585585585,
          "precision": 0.5740740740740741,
          "recall": 0.543859649122807,
          "support": 57.0
        },
        "6": {
          "f1-score": 0.0,
          "precision": 0.0,
          "recall": 0.0,
          "support": 10.0
        },
        "macro avg": {
          "f1-score": 0.3184891691784538,
          "precision": 0.4571658615136876,
          "recall": 0.2658513166031963,
          "support": 411.0
        },
        "micro avg": {
          "f1-score": 0.6153846153846155,
          "precision": 0.7849056603773585,
          "recall": 0.5060827250608273,
          "support": 411.0
        },
        "samples avg": {
          "f1-score": 0.43553719008264463,
          "precision": 0.4816345270890725,
          "recall": 0.4228650137741047,
          "support": 411.0
        },
        "weighted avg": {
          "f1-score": 0.5757047515276987,
          "precision": 0.73130340750144,
          "recall": 0.5060827250608273,
          "support": 411.0
        }
      },
      "eval_hammingLoss": 0.10232192050373869,
      "eval_loss": 0.06270898133516312,
      "eval_runtime": 10.9452,
      "eval_samples_per_second": 33.165,
      "eval_steps_per_second": 33.165,
      "step": 363
    },
    {
      "epoch": 1.37,
      "grad_norm": 1.0740717649459839,
      "learning_rate": 9.540863177226815e-06,
      "loss": 0.0676,
      "step": 500
    },
    {
      "epoch": 2.0,
      "eval_accuracy": 0.743801652892562,
      "eval_cf_report": {
        "0": {
          "f1-score": 0.14285714285714285,
          "precision": 0.6666666666666666,
          "recall": 0.08,
          "support": 25.0
        },
        "1": {
          "f1-score": 0.8,
          "precision": 1.0,
          "recall": 0.6666666666666666,
          "support": 21.0
        },
        "2": {
          "f1-score": 0.8920000000000001,
          "precision": 0.8079710144927537,
          "recall": 0.9955357142857143,
          "support": 224.0
        },
        "3": {
          "f1-score": 0.0,
          "precision": 0.0,
          "recall": 0.0,
          "support": 8.0
        },
        "4": {
          "f1-score": 0.9848484848484849,
          "precision": 0.9848484848484849,
          "recall": 0.9848484848484849,
          "support": 66.0
        },
        "5": {
          "f1-score": 0.8888888888888888,
          "precision": 0.8666666666666667,
          "recall": 0.9122807017543859,
          "support": 57.0
        },
        "6": {
          "f1-score": 0.0,
          "precision": 0.0,
          "recall": 0.0,
          "support": 10.0
        },
        "macro avg": {
          "f1-score": 0.5297992166563595,
          "precision": 0.6180218332392245,
          "recall": 0.5199045096507503,
          "support": 411.0
        },
        "micro avg": {
          "f1-score": 0.8578313253012049,
          "precision": 0.8496420047732697,
          "recall": 0.8661800486618005,
          "support": 411.0
        },
        "samples avg": {
          "f1-score": 0.6850321395775941,
          "precision": 0.696969696969697,
          "recall": 0.699265381083563,
          "support": 411.0
        },
        "weighted avg": {
          "f1-score": 0.8171437840342951,
          "precision": 0.8103459219295461,
          "recall": 0.8661800486618005,
          "support": 411.0
        }
      },
      "eval_hammingLoss": 0.046438410074773714,
      "eval_loss": 0.0384032316505909,
      "eval_runtime": 10.9465,
      "eval_samples_per_second": 33.161,
      "eval_steps_per_second": 33.161,
      "step": 727
    },
    {
      "epoch": 2.75,
      "grad_norm": 1.9324146509170532,
      "learning_rate": 9.082644628099175e-06,
      "loss": 0.0322,
      "step": 1000
    },
    {
      "epoch": 3.0,
      "eval_accuracy": 0.8099173553719008,
      "eval_cf_report": {
        "0": {
          "f1-score": 0.0,
          "precision": 0.0,
          "recall": 0.0,
          "support": 25.0
        },
        "1": {
          "f1-score": 0.7272727272727273,
          "precision": 1.0,
          "recall": 0.5714285714285714,
          "support": 21.0
        },
        "2": {
          "f1-score": 0.9493087557603686,
          "precision": 0.9809523809523809,
          "recall": 0.9196428571428571,
          "support": 224.0
        },
        "3": {
          "f1-score": 0.0,
          "precision": 0.0,
          "recall": 0.0,
          "support": 8.0
        },
        "4": {
          "f1-score": 0.9770992366412214,
          "precision": 0.9846153846153847,
          "recall": 0.9696969696969697,
          "support": 66.0
        },
        "5": {
          "f1-score": 0.9043478260869565,
          "precision": 0.896551724137931,
          "recall": 0.9122807017543859,
          "support": 57.0
        },
        "6": {
          "f1-score": 0.18181818181818182,
          "precision": 1.0,
          "recall": 0.1,
          "support": 10.0
        },
        "macro avg": {
          "f1-score": 0.5342638182256365,
          "precision": 0.6945884985293852,
          "recall": 0.49614987143182626,
          "support": 411.0
        },
        "micro avg": {
          "f1-score": 0.8850726552179656,
          "precision": 0.9682080924855492,
          "recall": 0.8150851581508516,
          "support": 411.0
        },
        "samples avg": {
          "f1-score": 0.6776859504132231,
          "precision": 0.7066115702479339,
          "recall": 0.66712580348944,
          "support": 411.0
        },
        "weighted avg": {
          "f1-score": 0.8412954892615785,
          "precision": 0.892509481736766,
          "recall": 0.8150851581508516,
          "support": 411.0
        }
      },
      "eval_hammingLoss": 0.03423848878394333,
      "eval_loss": 0.030691588297486305,
      "eval_runtime": 10.9171,
      "eval_samples_per_second": 33.251,
      "eval_steps_per_second": 33.251,
      "step": 1091
    },
    {
      "epoch": 4.0,
      "eval_accuracy": 0.8292011019283747,
      "eval_cf_report": {
        "0": {
          "f1-score": 0.42424242424242425,
          "precision": 0.875,
          "recall": 0.28,
          "support": 25.0
        },
        "1": {
          "f1-score": 0.8,
          "precision": 1.0,
          "recall": 0.6666666666666666,
          "support": 21.0
        },
        "2": {
          "f1-score": 0.9367088607594937,
          "precision": 0.888,
          "recall": 0.9910714285714286,
          "support": 224.0
        },
        "3": {
          "f1-score": 0.0,
          "precision": 0.0,
          "recall": 0.0,
          "support": 8.0
        },
        "4": {
          "f1-score": 0.9850746268656716,