{
    "model_name": "HelBERT-base-uncased-scratch-30",
    "train_loss": 0.2015982071508949,
    "val_loss": 0.33725500815138915,
    "precisao": 0.8814688767166723,
    "recall": 0.8806802512639804,
    "f1": 0.8801730119805102,
    "acuracia": 0.8806802512639804,
    "hloss": 0.11931974873601961,
    "training_time_epoch": [
        126.97978507677713,
        129.86442949555138,
        126.86282348632812,
        119.69025017155542,
        121.28810175827572
    ],
    "mean_training_time_epoch": 124.93707799769754,
    "f1_curve": [
        [
            0.5988630903603644,
            0.750768519723643,
            0.7648122340748513,
            0.8074622110411249,
            0.8403768674009471,
            0.8366485099298692,
            0.8452539949864718,
            0.8639782592247619,
            0.8173903202477165,
            0.8663227615031527,
            0.8613532857378926,
            0.8589398650506589,
            0.8729510498283133,
            0.8575501920735809,
            0.848229970363911,
            0.8775950405926375
        ],
        [
            0.6557166897955425,
            0.7564553723629558,
            0.7997665294651605,
            0.8383097490703875,
            0.8159009693456749,
            0.8423854575017757,
            0.8438573688448604,
            0.8643588156608771,
            0.8608238843641994,
            0.8536828741386819,
            0.8394569851601077,
            0.8561895122885244
        ],
        [
            0.6198532016068504,
            0.723587100175704,
            0.7659893443723031,
            0.8171696713262463,
            0.8325233641410349,
            0.8610935231043384,
            0.8584485341454196,
            0.865122136473379,
            0.8679936602578082,
            0.8667407185276436,
            0.8784967661738445,
            0.882742901982661,
            0.8585352907056893,
            0.8816546534101909,
            0.8710788013317512
        ],
        [
            0.6068886628088346,
            0.7107105355328343,
            0.7870397521730111,
            0.8033943968895602,
            0.8058690231252785,
            0.8242544036292405,
            0.8441308617938308,
            0.8319973361479278,
            0.8517328373858738,
            0.8539027346683805,
            0.8399946832230103,
            0.8479983252441236,
            0.8693064900025526,
            0.8585228510765125,
            0.8673222177104994,
            0.8709695899799699,
            0.8589959851302666,
            0.8698019322176501,
            0.8648006572290801
        ],
        [
            0.6207998483371121,
            0.7594897367993351,
            0.8030000672070059,
            0.8325970152668046,
            0.8614996947400155,
            0.873962808711497,
            0.861297072847221,
            0.8544795725011699,
            0.878255150117276,
            0.8685234612061863,
            0.8835361480407601,
            0.8822821126195497,
            0.8894771562806025,
            0.8757894412360528,
            0.8849785949693156
        ]
    ],
    "epochs_per_fold": [
        15,
        11,
        14,
        18,
        14
    ],
    "mean_epochs": 14.4
}