{
    "model_name": "HelBERT-base-uncased-scratch",
    "train_loss": 0.16969441997249626,
    "val_loss": 0.3170784920567177,
    "precisao": 0.8959383188094249,
    "recall": 0.8951892140340126,
    "f1": 0.8951093435781067,
    "acuracia": 0.8951892140340126,
    "hloss": 0.10481078596598743,
    "training_time_epoch": [
        135.7519435286522,
        136.50860313935712,
        132.7592967117534,
        132.45254578855304,
        135.61576715637656
    ],
    "mean_training_time_epoch": 134.61763126493844,
    "f1_curve": [
        [
            0.6855450222921646,
            0.7579887934873257,
            0.8140660773526514,
            0.812202013794121,
            0.8389696171745046,
            0.8407052929757332,
            0.8601065453580214,
            0.8604477249684229,
            0.8596658920240976,
            0.883085324785975,
            0.8861623539769087,
            0.8778139015189984,
            0.8856235851739415
        ],
        [
            0.648305062340743,
            0.7472491039088023,
            0.8271801007437027,
            0.8394779119038804,
            0.8552717160358568,
            0.8678092750093324,
            0.8670758594043404,
            0.8659447697665169,
            0.87729401820053,
            0.8822889815814913,
            0.8815077783343946,
            0.8726777593978481
        ],
        [
            0.6891736294891196,
            0.7938363476895286,
            0.8035898379378765,
            0.8490163532399133,
            0.8310389410882989,
            0.8345667903739,
            0.8768344301213647,
            0.8568894105349418,
            0.88305932684604,
            0.8732128955869215,
            0.8842218491156539,
            0.8780166548719229,
            0.8679698734037555,
            0.8896067843998928,
            0.9010740033122386,
            0.8961491557180004,
            0.873867362960598,
            0.8790873749783125
        ],
        [
            0.675881017361728,
            0.7572330322578017,
            0.8131427897261445,
            0.8089319626518016,
            0.8532622540150189,
            0.8308904716490896,
            0.8459884731479118,
            0.856650030279743,
            0.8421883940769788,
            0.8409951757588006,
            0.8532969487795892,
            0.8480329948859981,
            0.8682521261497173,
            0.8401202816246077,
            0.8614800269214797,
            0.8737923252970139,
            0.8608953900825258,
            0.865561874464063,
            0.8753330663944444
        ],
        [
            0.670123942432438,
            0.7725887216014472,
            0.8076845457723218,
            0.8245634321936629,
            0.8459051754002608,
            0.840557570784609,
            0.8683910435555023,
            0.8596368175653512,
            0.8758088729032575,
            0.8850476470123045,
            0.8857010932510171,
            0.8913888536927254,
            0.8882719140240977,
            0.8847728869857132,
            0.8916784281908157,
            0.8863026160272182,
            0.8897033484177984,
            0.8584749235305933
        ]
    ],
    "epochs_per_fold": [
        12,
        11,
        17,
        18,
        17
    ],
    "mean_epochs": 15.0
}