{
    "model_name": "HelBERT-base-uncased-scratch",
    "train_loss": 0.21632950434637493,
    "val_loss": 0.34111296652041584,
    "precisao": 0.8889970863977176,
    "recall": 0.8867812821466874,
    "f1": 0.8863974177894625,
    "acuracia": 0.8867812821466874,
    "hloss": 0.11321871785331261,
    "training_time_epoch": [
        123.39280633492903,
        121.75762394758371,
        120.64954659144084,
        123.41091030294245,
        120.95099274317424
    ],
    "mean_training_time_epoch": 122.03237598401407,
    "f1_curve": [
        [
            0.6044914679162842,
            0.6950463513511784,
            0.8030765551882765,
            0.8071095756909213,
            0.8038516400649114,
            0.8491837403686158,
            0.8409892354383188,
            0.8496488798887962,
            0.852173701799501,
            0.8550758445605008,
            0.8364354403953864,
            0.8598649209046405
        ],
        [
            0.6429704127025032,
            0.7246674424923242,
            0.7925922991546721,
            0.828309618734284,
            0.8439704542602927,
            0.8291704842828319,
            0.8310910809320102,
            0.8377230196750632,
            0.8685095598165627,
            0.8249962893001879,
            0.8656543491580663,
            0.8436374091913104,
            0.8521848698407393,
            0.8660331228653285
        ],
        [
            0.5906822000810452,
            0.7498817093215585,
            0.7936661119374508,
            0.8093471764899175,
            0.8243773245799837,
            0.8552816905876534,
            0.840761983396771,
            0.8598852012238078,
            0.881894644291549,
            0.8452706277690761,
            0.8888155034904406,
            0.8881398583282469,
            0.893211857737927,
            0.9028005615234163,
            0.8884093648438192,
            0.8674254638029426
        ],
        [
            0.5905484232181781,
            0.7378523128149955,
            0.7782439310098206,
            0.7933898017780596,
            0.8161985932401096,
            0.8323909382378228,
            0.8435585468854514,
            0.8315172812843763,
            0.8425317061363754,
            0.8503835873990603,
            0.8401193750597633,
            0.8607935388577855
        ],
        [
            0.6313444979775141,
            0.7495051059205043,
            0.8191602803323936,
            0.8074311849166328,
            0.8739093750879477,
            0.8553994982275729,
            0.8614021848842605,
            0.8575154938490973,
            0.8646243587366054,
            0.8769206189726312,
            0.8847255904988279,
            0.8687553297638496,
            0.8805898371360268,
            0.8890514816568672,
            0.8869971922309313,
            0.8970609582555319
        ]
    ],
    "epochs_per_fold": [
        11,
        13,
        15,
        11,
        15
    ],
    "mean_epochs": 13.0
}