{
    "model_name": "jurisBERT",
    "train_loss": 0.17848866318720263,
    "val_loss": 0.43278610194537126,
    "precisao": 0.8671835523926479,
    "recall": 0.866822429906542,
    "f1": 0.8664523498443216,
    "acuracia": 0.866822429906542,
    "hloss": 0.13317757009345793,
    "training_time_epoch": [
        124.16286971455528,
        126.76789684295655,
        128.8352321187655,
        126.76735246976217,
        128.06017523545486
    ],
    "mean_training_time_epoch": 126.91870527629888,
    "f1_curve": [
        [
            0.5809952332315241,
            0.6676939528286661,
            0.7114702298556396,
            0.7594784183110656,
            0.7836988812416007,
            0.7923660163754688,
            0.7797536295263716,
            0.8159180091928082,
            0.8058837263497314,
            0.8304687735769396,
            0.8295527732634601,
            0.8291291579528198,
            0.8472238241308468,
            0.8644886597981486,
            0.8417562297600645,
            0.8550689676773885,
            0.8457739432876571,
            0.826402893083673,
            0.8664523498443217,
            0.8525948126240765,
            0.8214740602671635,
            0.8490565723218193
        ],
        [
            0.6682909473209472,
            0.6958642539765485,
            0.7535033467950621,
            0.773510580952857,
            0.8149843402962532,
            0.8139000308552593,
            0.8268294681390299,
            0.8276594461345562,
            0.8175939068779139,
            0.8377565691984917,
            0.8364323111000557,
            0.8305615464308539,
            0.8408975631864947,
            0.8261665646687952,
            0.8278963166626911,
            0.8303756762473148
        ],
        [
            0.6050168281296894,
            0.648221022073357,
            0.7183350447822402,
            0.7328215036748934,
            0.7568964589422473,
            0.77035854240116,
            0.7884080751011375,
            0.7851180633610585,
            0.7873786342636333,
            0.8116208029968981,
            0.8091021628465954,
            0.809884807585452,
            0.810724845466436
        ],
        [
            0.6059648389367175,
            0.7135585000352543,
            0.7406445467114535,
            0.7824931513722542,
            0.7900954897452056,
            0.8023951718717227,
            0.8090652271104075,
            0.8139259387727225,
            0.8202148146984599,
            0.8080133246010566,
            0.831916170125992,
            0.8250750241645864,
            0.8448695018637563,
            0.821176488735389,
            0.8543206786026353,
            0.8554954978053904
        ],
        [
            0.5724589445737531,
            0.7110441888867063,
            0.7305239174247048,
            0.733428289908477,
            0.7950099634749636,
            0.7670411198482759,
            0.7939801397251733,
            0.8245397461349613,
            0.7865010549600077,
            0.7913184580228181,
            0.8210540130790572,
            0.8100063177064365,
            0.8313375335732006,
            0.8012690007976818
        ]
    ],
    "epochs_per_fold": [
        21,
        15,
        12,
        15,
        13
    ],
    "mean_epochs": 15.2
}