{
    "model_name": "BERTimbau",
    "train_loss": 0.27117596467365035,
    "val_loss": 0.3576473899464184,
    "precisao": 0.876943687555791,
    "recall": 0.8765786075422968,
    "f1": 0.8758697006818508,
    "acuracia": 0.8765786075422968,
    "hloss": 0.12342139245770316,
    "training_time_epoch": [
        127.37577468554178,
        125.33847036728493,
        122.41100205977757,
        121.13103873389107,
        124.28078246116638
    ],
    "mean_training_time_epoch": 124.10741366153233,
    "f1_curve": [
        [
            0.5727887739441809,
            0.7418030648206,
            0.7696907873251676,
            0.782011145007392,
            0.8087511969445246,
            0.8531195330101987,
            0.8186373660980347,
            0.8641688972594735,
            0.8481512407297582,
            0.8630936128473736,
            0.8716668407386033,
            0.8596018339775893,
            0.8756810406856419,
            0.8614567301069135,
            0.8523779887205226,
            0.8592910940422843
        ],
        [
            0.5015454656964522,
            0.7473532347602049,
            0.8069786847579717,
            0.812819459069379,
            0.7888626063807372,
            0.8372154314386301,
            0.8243681578220915,
            0.8119692577919196,
            0.844655199980849,
            0.8385770404461409,
            0.8682541604687005,
            0.8438110056646378,
            0.8654145698538223,
            0.8545330351875187
        ],
        [
            0.6196602412423791,
            0.6636306485336504,
            0.6740853916907227,
            0.8136772698097602,
            0.8234536305890402,
            0.8232927348442293,
            0.8324098382293457,
            0.869377324835048,
            0.8730882178895654,
            0.8690963956855026,
            0.8574588890193239,
            0.8725330359262383,
            0.8540327136233348
        ],
        [
            0.6649541465195075,
            0.6389458887041247,
            0.7766091707606096,
            0.7561939545826715,
            0.8043515874507057,
            0.8208739463573752,
            0.8201083026362007,
            0.8171658473128637,
            0.851981593055897,
            0.859126764216702,
            0.8636249793536364,
            0.85591822860015,
            0.852024954078544,
            0.8585361327366193,
            0.8413384274657614
        ],
        [
            0.5319912431140905,
            0.6992626335653024,
            0.719267921957233,
            0.8202905754445753,
            0.7989246942437703,
            0.8469961314060873,
            0.830963856191771,
            0.8766243406666865,
            0.8179887849527941,
            0.8416807123466648,
            0.8364307095306754
        ]
    ],
    "epochs_per_fold": [
        15,
        13,
        12,
        14,
        10
    ],
    "mean_epochs": 12.8
}