{
    "model_name": "jurisBERT",
    "train_loss": 0.36736855096244647,
    "val_loss": 0.48164949760659137,
    "precisao": 0.8347729122375223,
    "recall": 0.8364485981308413,
    "f1": 0.8341935501005222,
    "acuracia": 0.8364485981308413,
    "hloss": 0.16355140186915887,
    "training_time_epoch": [
        137.64785426313227,
        136.59699869155884,
        136.23830362161002,
        136.94382498481056,
        135.8629352847735
    ],
    "mean_training_time_epoch": 136.65798336917703,
    "f1_curve": [
        [
            0.582756012499243,
            0.6863364239003524,
            0.7405118191745594,
            0.7810309321093681,
            0.807268690261268,
            0.7955983282715501,
            0.7902385756218041,
            0.8147679516074808,
            0.8341935501005223,
            0.8190879861117584,
            0.8298604888259425,
            0.8219926474112993
        ],
        [
            0.5793500535051223,
            0.7103690642870235,
            0.7338389089725691,
            0.7713167003971791,
            0.7689494122124566,
            0.7899888098532367,
            0.8165673508511136,
            0.8300717884590803,
            0.8190294372051974,
            0.8330023665809367,
            0.8316748261002952,
            0.8017860718128532,
            0.8382436616600907
        ],
        [
            0.6060892996270247,
            0.6549793043376058,
            0.7318477102157944,
            0.746287478618136,
            0.7636937332705407,
            0.7676137288310683,
            0.7615066639067841,
            0.7950005507661004,
            0.8051652513100322,
            0.811224609452914,
            0.8167118361920658,
            0.8209083439627887,
            0.8218052399673379
        ],
        [
            0.5954903091535503,
            0.7230165284140112,
            0.7590572841158321,
            0.7745880758466603,
            0.7951797580299219,
            0.8047855765489585,
            0.790980079833338,
            0.812084475582458,
            0.8199165906429867,
            0.8247356587603203,
            0.8197080593178878,
            0.8153762709942497
        ],
        [
            0.6208726922339058,
            0.6911201352666607,
            0.722098242771888,
            0.760181240313918,
            0.7551331414733976,
            0.7670643118622726,
            0.791940008842996,
            0.7935831349631732,
            0.783079394675524,
            0.8121118230419545,
            0.7744027883077369,
            0.8046559346989527,
            0.8083995478625076
        ]
    ],
    "epochs_per_fold": [
        11,
        12,
        12,
        11,
        12
    ],
    "mean_epochs": 11.6
}