{
    "model_name": "LegalBERT-pt-sc",
    "train_loss": 0.35053862819761455,
    "val_loss": 0.414346219118789,
    "precisao": 0.8721929793151191,
    "recall": 0.8691588785046729,
    "f1": 0.8672507890966861,
    "acuracia": 0.8691588785046729,
    "hloss": 0.1308411214953271,
    "training_time_epoch": [
        121.74187295777458,
        121.34455936295646,
        127.17317959666252,
        122.45104734102885,
        121.74670140559857
    ],
    "mean_training_time_epoch": 122.89147213280421,
    "f1_curve": [
        [
            0.5482142943267024,
            0.7023696225215933,
            0.7838266262662136,
            0.7822700774026898,
            0.8016945469611274,
            0.8317568158215072,
            0.8325916873356367,
            0.8474265814864792,
            0.847157929151654,
            0.8557302269579966,
            0.8360791289329331,
            0.8672507890966861,
            0.8477082391205389,
            0.8607103593327945,
            0.8761595725915055
        ],
        [
            0.6193941192185752,
            0.6571218143010431,
            0.729670367730925,
            0.7808242803795682,
            0.8152548074423999,
            0.8164979774531846,
            0.7768410492446579,
            0.8154123308371584,
            0.7512193730036718,
            0.8019869576413662,
            0.8386498544186992,
            0.8418829179293827,
            0.8257383897628997,
            0.810110361769652,
            0.8275803344786399
        ],
        [
            0.5666126512487025,
            0.6245035748673403,
            0.6880829398018632,
            0.7503199525018966,
            0.7602814260240695,
            0.7764945017876216,
            0.7900744176372033,
            0.7687303161499752,
            0.788289143243295
        ],
        [
            0.586034394487604,
            0.7056538609393018,
            0.7494899910607662,
            0.7594399842982601,
            0.756949020368648,
            0.77539999499875,
            0.7839873903942214,
            0.7970633369188672,
            0.8021295974556918,
            0.8013143703654634,
            0.7986688050284583,
            0.8117920805674724,
            0.8047646563164103
        ],
        [
            0.5150847079159072,
            0.603777009465012,
            0.7550057473050427,
            0.7670885788080989,
            0.7814053373568699,
            0.7568211791228054,
            0.8144281596009978,
            0.7906948922810124,
            0.7956038843225054,
            0.8313413070775088,
            0.8486255675807075,
            0.8412905590363223,
            0.8233637896060011,
            0.8464402300818531
        ]
    ],
    "epochs_per_fold": [
        14,
        14,
        8,
        12,
        13
    ],
    "mean_epochs": 12.2
}