{
    "model_name": "mBERT",
    "train_loss": 0.41058573301742285,
    "val_loss": 0.5630825637535096,
    "precisao": 0.7999290059586766,
    "recall": 0.7957013723215653,
    "f1": 0.7954429588330675,
    "acuracia": 0.7957013723215653,
    "hloss": 0.20429862767843465,
    "training_time_epoch": [
        125.61923378308614,
        124.95048135869644,
        125.80009439786275,
        123.48499024482001,
        124.27582936816745
    ],
    "mean_training_time_epoch": 124.82612583052655,
    "f1_curve": [
        [
            0.4904571078210901,
            0.5055976265359662,
            0.6290358945309664,
            0.6742766659980386,
            0.6720357049192345,
            0.6828422600184134,
            0.7355333170227284,
            0.7180405060659905,
            0.7403371652063454,
            0.7093361769154846,
            0.7504062289382719,
            0.7403096299888304,
            0.7937541561402497,
            0.7788553668543554,
            0.7809032794911706,
            0.7580269949641558
        ],
        [
            0.37125642270502074,
            0.5130482678108584,
            0.6524842851372792,
            0.6374865967341188,
            0.7063912799432412,
            0.69809307987386,
            0.7210074751410536,
            0.7602916221861356,
            0.7387229798724069,
            0.7011324840543752,
            0.7556903280164516,
            0.7833762940562302,
            0.7883100561822841,
            0.7416639768445876,
            0.7710170978011295,
            0.7027046564265697,
            0.7596564033454885,
            0.7972107275100601
        ],
        [
            0.3815637360345238,
            0.4240882388016492,
            0.591206774729629,
            0.6895186382206163,
            0.6945430500740429,
            0.670819496751821,
            0.7127997922737452,
            0.7051969923682878,
            0.730014192021272,
            0.707957553655957,
            0.7483294472896346,
            0.7329856686333067,
            0.7358161491284334,
            0.7205680103750366,
            0.7546570965778768,
            0.7322343276088077
        ],
        [
            0.4121055876390217,
            0.5532777437059663,
            0.5776421236289888,
            0.670002437632398,
            0.640846694755529,
            0.6804109054056274,
            0.7088751010047096,
            0.7310140272050848,
            0.668261547123619,
            0.6999244516188484,
            0.732291867338743,
            0.7361533393163632,
            0.7286770711375944,
            0.7516036628168279,
            0.76390478162111,
            0.7301066868899065,
            0.7714463105158752,
            0.7788564088275518,
            0.7760459437442492,
            0.781512573826082,
            0.7439936163068389,
            0.7793034852791728
        ],
        [
            0.3885980635193482,
            0.5504706209503625,
            0.6069105947661483,
            0.6835135954399039,
            0.7267985654623589,
            0.6709242288273971,
            0.7222485818531018,
            0.7856589525452301,
            0.7866240144593694,
            0.7520137912462812,
            0.7683693448800372,
            0.7562183763726025,
            0.7973093467546484,
            0.7901709910675897,
            0.7782023955456978,
            0.7961473058772167,
            0.7863876524099431,
            0.8021981696043388,
            0.8090277623476677
        ]
    ],
    "epochs_per_fold": [
        15,
        17,
        15,
        21,
        18
    ],
    "mean_epochs": 17.2
}