{
    "model_name": "BERTimbau",
    "train_loss": 0.3054216075875736,
    "val_loss": 0.3674153375974639,
    "precisao": 0.8728490485652589,
    "recall": 0.8713300794501958,
    "f1": 0.8708677149793942,
    "acuracia": 0.8713300794501958,
    "hloss": 0.1286699205498041,
    "training_time_epoch": [
        125.46225804752774,
        123.99144384860992,
        122.1984995007515,
        121.55392067249005,
        119.71043941378593
    ],
    "mean_training_time_epoch": 122.58331229663304,
    "f1_curve": [
        [
            0.540927415852707,
            0.7234533743270847,
            0.7961399463795413,
            0.7322362578491353,
            0.8049984628815089,
            0.841292242953541,
            0.8508470609506159,
            0.8399611265566554,
            0.8173506443768042,
            0.8026113704465516
        ],
        [
            0.5990390476734185,
            0.7442905510214533,
            0.7466807361095921,
            0.7799905287221995,
            0.8255471639925996,
            0.8144474906258441,
            0.8390049244883127,
            0.8584248191285887,
            0.8600080230859704,
            0.8523494743799873,
            0.8607852414980216
        ],
        [
            0.5636856068117831,
            0.7357264686027832,
            0.7809618591718819,
            0.7956127381434747,
            0.8144548898348584,
            0.796959937602864,
            0.8340046939414331,
            0.8491064483979737,
            0.8633922522469732,
            0.8722673042089623,
            0.8657772843688978,
            0.8642510417713766,
            0.8767605786124357
        ],
        [
            0.5217194925697207,
            0.7139155794316875,
            0.7546835485600656,
            0.7840023103995264,
            0.7923828441211708,
            0.8232038415087869,
            0.8157930288362977,
            0.8272432432038143,
            0.8274194762043843,
            0.8487505149404395,
            0.8409391841988728,
            0.8494366506698918,
            0.8404788859376414,
            0.86966293589521
        ],
        [
            0.5891295483882095,
            0.7232427244586226,
            0.7917861519785842,
            0.8089949782299181,
            0.8013094224339739,
            0.742441213643296,
            0.8307158006327315,
            0.8668114332903215,
            0.8402627191901275,
            0.8637031047206145,
            0.8291446867805156,
            0.8575988641823644,
            0.8759154080181294,
            0.89894888244246,
            0.8348330671879315,
            0.8612515038744549,
            0.8803083923823117
        ]
    ],
    "epochs_per_fold": [
        9,
        10,
        12,
        13,
        16
    ],
    "mean_epochs": 12.0
}