{
    "model_name": "mBERT",
    "train_loss": 0.359972360422813,
    "val_loss": 0.5657113462408013,
    "precisao": 0.7998817157206612,
    "recall": 0.7929020114250694,
    "f1": 0.791305952250496,
    "acuracia": 0.7929020114250694,
    "hloss": 0.20709798857493053,
    "training_time_epoch": [
        126.21736598014832,
        123.85960906430294,
        128.34411458535627,
        127.58716811736424,
        124.10972806027061
    ],
    "mean_training_time_epoch": 126.02359716148847,
    "f1_curve": [
        [
            0.4933537230222856,
            0.5038375567627862,
            0.5863266763909641,
            0.6720811617271883,
            0.6831455443327401,
            0.7263401816213496,
            0.6740560009480184,
            0.7320630250340967,
            0.7159630918289681,
            0.7074096615123472,
            0.7596837124829499,
            0.7684382240370027,
            0.7390212850289865,
            0.7684550266822227,
            0.7623889064743166
        ],
        [
            0.4285342479277352,
            0.5193530972874983,
            0.6156523959662578,
            0.6163137379284468,
            0.6898918027941284,
            0.7494018001270782,
            0.6792114358220116,
            0.7389070723767617,
            0.7731062781947556,
            0.7637382572591428,
            0.7390456116362732,
            0.7679597862721782,
            0.7423394258262218,
            0.7751903694477,
            0.7708591684428577,
            0.7747116950485533,
            0.7737140249799925,
            0.7937075278357908,
            0.7525973061997184,
            0.7806308707208873
        ],
        [
            0.36218636138570204,
            0.5020122214309031,
            0.6187233984154908,
            0.6736848307856931,
            0.6562811777680383,
            0.7053734212609271,
            0.6903789097275185,
            0.7227915447814591,
            0.7290211748254887,
            0.723297559812929,
            0.7337542565530532,
            0.7132836639898018
        ],
        [
            0.43165341264656026,
            0.5342732866991466,
            0.6213776140542762,
            0.6609293725521397,
            0.6652868678982481,
            0.7076186339662259,
            0.7046820191709188,
            0.7167709400459978,
            0.7392675442138416,
            0.7310577637272095,
            0.7484114423375503,
            0.7539227888109548,
            0.7518091898605672
        ],
        [
            0.46490390458332637,
            0.5485861081764664,
            0.5254284013715584,
            0.640729684055211,
            0.6748446937912964,
            0.7497783967427343,
            0.7493271832346329,
            0.7539026705216872,
            0.7162063902252064,
            0.7708515074458339,
            0.7890082342171447,
            0.7744758594694962,
            0.8007429460136083,
            0.7906700767074822,
            0.7938183468379748,
            0.7949410442297228,
            0.8069521510628855,
            0.8060915633268216,
            0.8014085448337144,
            0.786603447744192
        ]
    ],
    "epochs_per_fold": [
        14,
        19,
        11,
        12,
        19
    ],
    "mean_epochs": 15.0
}