{
    "model_name": "jurisBERT",
    "train_loss": 0.1730824079610425,
    "val_loss": 0.45887298543423966,
    "precisao": 0.8672610925111996,
    "recall": 0.8644859813084113,
    "f1": 0.8652194124425454,
    "acuracia": 0.8644859813084113,
    "hloss": 0.13551401869158877,
    "training_time_epoch": [
        118.36030436754227,
        120.10937984784444,
        120.68644605364118,
        122.10072167714436,
        117.57966481555592
    ],
    "mean_training_time_epoch": 119.76730335234564,
    "f1_curve": [
        [
            0.5946939177832661,
            0.7211092595476074,
            0.7406811329658585,
            0.7574707028508217,
            0.7720011497277222,
            0.7854347346868372,
            0.8218475421017298,
            0.8287906798859456,
            0.8207308651682834,
            0.7995823076222235,
            0.8163104903184215,
            0.8178000443809369,
            0.8190295717800696,
            0.8557186188113615,
            0.8565211165781523,
            0.8495987086879655,
            0.8383702142210596,
            0.8524763151195013,
            0.8652194124425455,
            0.8615364129785953,
            0.8520049823355726
        ],
        [
            0.6356438596653978,
            0.7138104567120696,
            0.7321518742491805,
            0.7934162960449298,
            0.7924033616809985,
            0.8058614434342435,
            0.820779916579504,
            0.8132709326422121,
            0.8303234978562515,
            0.8175217336749337,
            0.8178550571046846,
            0.8350799148205685,
            0.832695152405096,
            0.8432056066638914,
            0.8213487009933012,
            0.8332864028646828
        ],
        [
            0.595280641473874,
            0.6305923266777471,
            0.7280331348358171,
            0.7347890193224338,
            0.7660364225928901,
            0.763326855404744,
            0.7726964855218095,
            0.7632440720011241,
            0.7886765593299981,
            0.786138031415407,
            0.7867162453532723,
            0.8086132207798747,
            0.8042664668909915,
            0.7860556748506305,
            0.8180101853907447
        ],
        [
            0.6463015202219086,
            0.7085843849062505,
            0.7303563534129873,
            0.7689768962877828,
            0.7724078655637888,
            0.8122036932650143,
            0.8060612213290397,
            0.8162737762973663,
            0.8068652424513656,
            0.8182416180969495,
            0.8168680653182686,
            0.8225948319419423,
            0.828055172556183
        ],
        [
            0.6004523401838977,
            0.7511473527694517,
            0.7417569230843322,
            0.7824262438104967,
            0.7692352818684225,
            0.7682274632107289,
            0.7908941461901949,
            0.7769914893981313,
            0.8024589592273933,
            0.8211391157724665,
            0.7963592695250773,
            0.78798778109138,
            0.8139057811319469,
            0.8335145454567073,
            0.8219464105210371,
            0.8211801541893817,
            0.8016362165295516,
            0.8434621296916333,
            0.8289758065531261,
            0.8387160081632924,
            0.8299490494431487,
            0.8316072169412493,
            0.8435396483303305
        ]
    ],
    "epochs_per_fold": [
        20,
        15,
        14,
        12,
        22
    ],
    "mean_epochs": 16.6
}