{
    "model_name": "LegalBERT-pt-sc",
    "train_loss": 0.3796929841469451,
    "val_loss": 0.41845668931230556,
    "precisao": 0.8728317388700418,
    "recall": 0.8695659786819585,
    "f1": 0.8695700774161708,
    "acuracia": 0.8695659786819585,
    "hloss": 0.13043402131804155,
    "training_time_epoch": [
        122.45640963315964,
        125.4371059857882,
        127.55141685690198,
        128.87369539340338,
        125.38569357660081
    ],
    "mean_training_time_epoch": 125.9408642891708,
    "f1_curve": [
        [
            0.49352743228788487,
            0.6133394955938554,
            0.7119470126345987,
            0.7842178645571268,
            0.7932455339719552,
            0.825511384071174,
            0.8281452724247391,
            0.8550274310364354,
            0.8040662835123256,
            0.8695503643749414,
            0.8608650782202399,
            0.8567307700146947,
            0.8606680584100903
        ],
        [
            0.5700675578699218,
            0.644602771635331,
            0.7124482165553067,
            0.7717547019983566,
            0.7224561180585638,
            0.7836819594577261,
            0.7578782228841342,
            0.8144535326282877,
            0.8300302637069777,
            0.7873149780954255,
            0.8230750112325197,
            0.8242885812175546,
            0.800053619258014,
            0.8412738693893702
        ],
        [
            0.5331442670304053,
            0.618737790930092,
            0.739666056517532,
            0.7333824754044233,
            0.7205575028161813,
            0.745074502888125,
            0.7893112153768157,
            0.7828249508353948,
            0.7663090634932096,
            0.7983108619747126,
            0.8210272006079261,
            0.8058239186266204,
            0.8017338633477659,
            0.8018433931663219,
            0.7714571551170727
        ],
        [
            0.6209024748664502,
            0.682203682536148,
            0.6996088286188068,
            0.7564194081588713,
            0.7510898283064008,
            0.7552151706231457,
            0.7793148667028553,
            0.7675780797505798,
            0.770286641323045,
            0.8079820332704316,
            0.7917065976054867,
            0.7944701459835583,
            0.7944549156831268
        ],
        [
            0.5788005834641986,
            0.6301064159912587,
            0.7619585762711336,
            0.7669710071927518,
            0.8004005128313344,
            0.7944889763448513,
            0.8079571886443978,
            0.8260967650350074,
            0.8047003349522024,
            0.8280003138356027,
            0.8444310783251514,
            0.8227781989652666,
            0.8642728092330918,
            0.869648929581088,
            0.8104395574809174,
            0.86757587640685,
            0.8609630503794117,
            0.86660488906404,
            0.8619105565888111
        ]
    ],
    "epochs_per_fold": [
        12,
        13,
        14,
        12,
        18
    ],
    "mean_epochs": 13.8
}