{
    "0": {
        "precision": 1.0,
        "recall": 0.5,
        "f1-score": 0.6666666666666666,
        "support": 2
    },
    "1": {
        "precision": 1.0,
        "recall": 0.5,
        "f1-score": 0.6666666666666666,
        "support": 2
    },
    "2": {
        "precision": 1.0,
        "recall": 1.0,
        "f1-score": 1.0,
        "support": 1
    },
    "micro avg": {
        "precision": 1.0,
        "recall": 0.6,
        "f1-score": 0.7499999999999999,
        "support": 5
    },
    "macro avg": {
        "precision": 1.0,
        "recall": 0.6666666666666666,
        "f1-score": 0.7777777777777777,
        "support": 5
    },
    "weighted avg": {
        "precision": 1.0,
        "recall": 0.6,
        "f1-score": 0.7333333333333333,
        "support": 5
    },
    "samples avg": {
        "precision": 0.6666666666666666,
        "recall": 0.6666666666666666,
        "f1-score": 0.6666666666666666,
        "support": 5
    }
}