{
    "modelName": "BERTimbau",
    "precisao": 0.6364887161233739,
    "recall": 0.4267852446867006,
    "f1": 0.46367072914661267,
    "acuracia": 0.4267852446867006,
    "hloss": 0.5732147553132994
}