{
    "modelName": "HelBERT-base-uncased-scratch",
    "precisao": 0.7312622549455132,
    "recall": 0.6472542972578833,
    "f1": 0.6670110986908212,
    "acuracia": 0.6472542972578833,
    "hloss": 0.3527457027421167
}