{
    "modelName": "HelBERT-base-uncased",
    "precisao": 0.7748801525960836,
    "recall": 0.6519639484568123,
    "f1": 0.6924615800335836,
    "acuracia": 0.6519639484568123,
    "hloss": 0.34803605154318773
}