{
    "modelName": "jurisBERT",
    "precisao": 0.6454197432420391,
    "recall": 0.40278275837337735,
    "f1": 0.45733278661075816,
    "acuracia": 0.40278275837337735,
    "hloss": 0.5972172416266227
}