{
    "modelName": "LegalBERT-pt-sc",
    "precisao": 0.5379096470685737,
    "recall": 0.34485643931243876,
    "f1": 0.4300467127045757,
    "acuracia": 0.34485643931243876,
    "hloss": 0.6551435606875613
}