{
    "modelName": "mBERT",
    "precisao": 0.5159139185543998,
    "recall": 0.18912716058237108,
    "f1": 0.27761976437954244,
    "acuracia": 0.18912716058237108,
    "hloss": 0.8108728394176289
}