{
  "best_metric": 0.03111477755010128,
  "best_model_checkpoint": "/var/projetos/Jupyterhubstorage/victor.silva/HelBERTModel/Modelos/Indicios/CrossValidation/Chunks/BERTimbau_fold_4/checkpoint-1817",
  "epoch": 4.998624484181568,
  "eval_steps": 500,
  "global_step": 1817,
  "is_hyper_param_search": false,
  "is_local_process_zero": true,
  "is_world_process_zero": true,
  "log_history": [
    {
      "epoch": 1.0,
      "eval_accuracy": 0.48626373626373626,
      "eval_cf_report": {
        "0": {
          "f1-score": 0.0,
          "precision": 0.0,
          "recall": 0.0,
          "support": 24.0
        },
        "1": {
          "f1-score": 0.25,
          "precision": 1.0,
          "recall": 0.14285714285714285,
          "support": 21.0
        },
        "2": {
          "f1-score": 0.8450106157112527,
          "precision": 0.805668016194332,
          "recall": 0.8883928571428571,
          "support": 224.0
        },
        "3": {
          "f1-score": 0.0,
          "precision": 0.0,
          "recall": 0.0,
          "support": 8.0
        },
        "4": {
          "f1-score": 0.44186046511627913,
          "precision": 0.95,
          "recall": 0.2878787878787879,
          "support": 66.0
        },
        "5": {
          "f1-score": 0.034482758620689655,
          "precision": 1.0,
          "recall": 0.017543859649122806,
          "support": 57.0
        },
        "6": {
          "f1-score": 0.0,
          "precision": 0.0,
          "recall": 0.0,
          "support": 9.0
        },
        "macro avg": {
          "f1-score": 0.2244791199211745,
          "precision": 0.536524002313476,
          "recall": 0.1909532353611301,
          "support": 409.0
        },
        "micro avg": {
          "f1-score": 0.6529411764705881,
          "precision": 0.8191881918819188,
          "recall": 0.5427872860635696,
          "support": 409.0
        },
        "samples avg": {
          "f1-score": 0.4945054945054945,
          "precision": 0.5714285714285714,
          "recall": 0.46108058608058605,
          "support": 409.0
        },
        "weighted avg": {
          "f1-score": 0.551737618235634,
          "precision": 0.7852558328301477,
          "recall": 0.5427872860635696,
          "support": 409.0
        }
      },
      "eval_hammingLoss": 0.09262166405023547,
      "eval_loss": 0.06409499794244766,
      "eval_runtime": 12.3282,
      "eval_samples_per_second": 29.526,
      "eval_steps_per_second": 29.526,
      "step": 363
    },
    {
      "epoch": 1.38,
      "grad_norm": 1.6583528518676758,
      "learning_rate": 9.540863177226815e-06,
      "loss": 0.0715,
      "step": 500
    },
    {
      "epoch": 2.0,
      "eval_accuracy": 0.6318681318681318,
      "eval_cf_report": {
        "0": {
          "f1-score": 0.0,
          "precision": 0.0,
          "recall": 0.0,
          "support": 24.0
        },
        "1": {
          "f1-score": 0.7222222222222222,
          "precision": 0.8666666666666667,
          "recall": 0.6190476190476191,
          "support": 21.0
        },
        "2": {
          "f1-score": 0.8981288981288982,
          "precision": 0.8404669260700389,
          "recall": 0.9642857142857143,
          "support": 224.0
        },
        "3": {
          "f1-score": 0.0,
          "precision": 0.0,
          "recall": 0.0,
          "support": 8.0
        },
        "4": {
          "f1-score": 0.6599999999999999,
          "precision": 0.9705882352941176,
          "recall": 0.5,
          "support": 66.0
        },
        "5": {
          "f1-score": 0.734375,
          "precision": 0.6619718309859155,
          "recall": 0.8245614035087719,
          "support": 57.0
        },
        "6": {
          "f1-score": 0.0,
          "precision": 0.0,
          "recall": 0.0,
          "support": 9.0
        },
        "macro avg": {
          "f1-score": 0.4306751600501601,
          "precision": 0.4770990941452484,
          "recall": 0.41541353383458646,
          "support": 409.0
        },
        "micro avg": {
          "f1-score": 0.7862595419847329,
          "precision": 0.8196286472148541,
          "recall": 0.7555012224938875,
          "support": 409.0
        },
        "samples avg": {
          "f1-score": 0.6272893772893773,
          "precision": 0.663919413919414,
          "recall": 0.6286630036630036,
          "support": 409.0
        },
        "weighted avg": {
          "f1-score": 0.7378164177201464,
          "precision": 0.7536816854163757,
          "recall": 0.7555012224938875,
          "support": 409.0
        }
      },
      "eval_hammingLoss": 0.06593406593406594,
      "eval_loss": 0.04510251805186272,
      "eval_runtime": 12.3195,
      "eval_samples_per_second": 29.547,
      "eval_steps_per_second": 29.547,
      "step": 727
    },
    {
      "epoch": 2.75,
      "grad_norm": 2.8302550315856934,
      "learning_rate": 9.081726354453628e-06,
      "loss": 0.0438,
      "step": 1000
    },
    {
      "epoch": 3.0,
      "eval_accuracy": 0.7527472527472527,
      "eval_cf_report": {
        "0": {
          "f1-score": 0.14814814814814814,
          "precision": 0.6666666666666666,
          "recall": 0.08333333333333333,
          "support": 24.0
        },
        "1": {
          "f1-score": 0.8108108108108109,
          "precision": 0.9375,
          "recall": 0.7142857142857143,
          "support": 21.0
        },
        "2": {
          "f1-score": 0.9106382978723403,
          "precision": 0.8699186991869918,
          "recall": 0.9553571428571429,
          "support": 224.0
        },
        "3": {
          "f1-score": 0.0,
          "precision": 0.0,
          "recall": 0.0,
          "support": 8.0
        },
        "4": {
          "f1-score": 0.9531249999999999,
          "precision": 0.9838709677419355,
          "recall": 0.9242424242424242,
          "support": 66.0
        },
        "5": {
          "f1-score": 0.8130081300813008,
          "precision": 0.7575757575757576,
          "recall": 0.8771929824561403,
          "support": 57.0
        },
        "6": {
          "f1-score": 0.5,
          "precision": 1.0,
          "recall": 0.3333333333333333,
          "support": 9.0
        },
        "macro avg": {
          "f1-score": 0.5908186267018001,
          "precision": 0.7450760130244787,
          "recall": 0.555392132929727,
          "support": 409.0
        },
        "micro avg": {
          "f1-score": 0.857142857142857,
          "precision": 0.8712121212121212,
          "recall": 0.843520782396088,
          "support": 409.0
        },
        "samples avg": {
          "f1-score": 0.6902930402930403,
          "precision": 0.7106227106227107,
          "recall": 0.695054945054945,
          "support": 409.0
        },
        "weighted avg": {
          "f1-score": 0.827171820832814,
          "precision": 0.8500405639869733,
          "recall": 0.843520782396088,
          "support": 409.0
        }
      },
      "eval_hammingLoss": 0.045133437990580845,
      "eval_loss": 0.03649243339896202,
      "eval_runtime": 12.3131,
      "eval_samples_per_second": 29.562,
      "eval_steps_per_second": 29.562,
      "step": 1090
    },
    {
      "epoch": 4.0,
      "eval_accuracy": 0.7664835164835165,
      "eval_cf_report": {
        "0": {
          "f1-score": 0.5454545454545454,
          "precision": 0.6,
          "recall": 0.5,
          "support": 24.0
        },
        "1": {
          "f1-score": 0.742857142857143,
          "precision": 0.9285714285714286,
          "recall": 0.6190476190476191,
          "support": 21.0
        },
        "2": {
          "f1-score": 0.9148936170212767,
          "precision": 0.8739837398373984,
          "recall": 0.9598214285714286,
          "support": 224.0
        },
        "3": {
          "f1-score": 0.0,
          "precision": 0.0,
          "recall": 0.0,
          "support": 8.0
        },
        "4": {
          "f1-score": 0.962962962962963,