{
    "model_name": "HelBERT-uncased-fs-6",
    "accuracy": 0.8777392406951592,
    "precision": 0.9529157037300177,
    "recall": 0.926674769343341,
    "f1": 0.9394504666259567,
    "roc_auc": 0.9587825676061019,
    "hammingLoss": 0.01973675798356935,
    "training_time": 16969.851185560226
}