{
    "model_name": "jurisBERT",
    "accuracy": 0.8606175878272545,
    "precision": 0.946034532027818,
    "recall": 0.9135984968386814,
    "f1": 0.9293034745356611,
    "roc_auc": 0.9516176039852351,
    "hammingLoss": 0.022968012445524193,
    "training_time": 19813.607505083084
}