{
    "model_name": "BERTimbau",
    "perplexity": 2.9774230374036317,
    "time": 3041.199996948242
}