{
    "model_name": "BERTimbau",
    "perplexity": 2.8920052340311146,
    "time": 3098.022796392441
}