{
    "modelName": "BERTimbau",
    "precisao": 0.7633726417170409,
    "recall": 0.5590601572499543,
    "f1": 0.571255824410048,
    "acuracia": 0.5590601572499543,
    "hloss": 0.4409398427500457
}