{
    "modelName": "HelBERT-base-uncased",
    "precisao": 0.8540389724001642,
    "recall": 0.5991597292460904,
    "f1": 0.6685313639657776,
    "acuracia": 0.5991597292460904,
    "hloss": 0.4008402707539096
}