{
    "model_name": "HelBERT-uncased-fs-6",
    "perplexity": 10.98202122127749,
    "time": 1827.281329870224
}