{
    "model_name": "HelBERT-uncased-fs-6",
    "perplexity": 20.552255019283276,
    "time": 1894.5946848392487
}