{
    "modelName": "jurisBERT",
    "precisao": 0.7305393519748969,
    "recall": 0.47242165723456375,
    "f1": 0.5105430295110431,
    "acuracia": 0.47242165723456375,
    "hloss": 0.5275783427654362
}