{
    "model_name": "jurisBERT",
    "perplexity": 5.763733637951267,
    "time": 2219.3129234313965
}