{
    "model_name": "jurisBERT",
    "perplexity": 5.656559634752738,
    "time": 2292.2854886054993
}