{
    "model_name": "LegalBERT-pt-sc",
    "perplexity": 9.083486567469485,
    "time": 2297.19957447052
}