{
    "modelName": "LegalBERT-pt-sc",
    "precisao": 0.6313648886604586,
    "recall": 0.43128945775317823,
    "f1": 0.4886925688952932,
    "acuracia": 0.43128945775317823,
    "hloss": 0.5687105422468217
}