{
    "model_name": "LegalBERT-pt-sc",
    "perplexity": 9.545108722223363,
    "time": 2219.2959277629852
}