{
    "modelName": "mBERT",
    "precisao": 0.5982612185533356,
    "recall": 0.27424439087706287,
    "f1": 0.318786188181003,
    "acuracia": 0.27424439087706287,
    "hloss": 0.7257556091229371
}