{
    "model_name": "mBERT",
    "perplexity": 10.550966545707078,
    "time": 5414.165517091751
}