{
    "model_name": "mBERT",
    "perplexity": 10.521353236594488,
    "time": 5342.1162078380585
}