{
    "model_name": "BERTimbau",
    "train_loss": 0.0019117055123723885,
    "train_loss_curve": [
        [
            0.07863725254591768,
            0.056528596012243706,
            0.03736594352344954,
            0.016539963767716624,
            0.008360087387380723,
            0.005157267787600531,
            0.003696807556274392,
            0.0025181762151385944
        ],
        [
            0.08083043736014059,
            0.057835622194517884,
            0.03883481322410242,
            0.020483600802711183,
            0.01023457960532656,
            0.007094946655156588,
            0.003994123994476156,
            0.0026183330921297136,
            0.0017046272145913026,
            0.001488062110403196,
            0.0013730249203443943
        ],
        [
            0.07923259285834992,
            0.05772160624817008,
            0.042173504386156954,
            0.027098749236053564,
            0.013150780857640163,
            0.007207587963675544,
            0.005133597955819782,
            0.002731235203985545
        ],
        [
            0.07995409648644904,
            0.06393630425717875,
            0.041198738287653025,
            0.01987347633904184,
            0.011138688589797783,
            0.0065146157367101725,
            0.004401778341650289,
            0.0027697274844806262,
            0.0018618797898178833,
            0.001457449837885078,
            0.0008636985705235111,
            0.0005545658190109429,
            0.0003400569573463696,
            0.0003125269106640627,
            0.00022391799089355202,
            0.00017206400198460262
        ],
        [
            0.0771568472983815,
            0.050980485646906853,
            0.03229304762562307,
            0.016224651517310215,
            0.008400343916544845,
            0.005698482439031673,
            0.0033880540054155015,
            0.0019233970790070315,
            0.0010369302494903036,
            0.0005544061628035506,
            0.0004383241322269996,
            0.00039361795030469114,
            0.0002770174046862778,
            0.00020552402451368517
        ]
    ],
    "val_loss": 0.013047894054916636,
    "val_loss_curve": [
        [
            0.07312594899987454,
            0.04776503658527366,
            0.032573421289026454,
            0.027352830491225243,
            0.02420150404545462,
            0.03154731832728987,
            0.030600119249707243,
            0.029499770550108956
        ],
        [
            0.07151722669297625,
            0.04361168549271164,
            0.028883093821627327,
            0.014862358712667717,
            0.014407687520516204,
            0.01398855795322583,
            0.012441184604243772,
            0.012002580580997346,
            0.013684898966369851,
            0.012721307945327692,
            0.01410283786188346
        ],
        [
            0.07255802854656353,
            0.052686383770437,
            0.0439141497433553,
            0.027108369066539458,
            0.018835398735472648,
            0.021208859029002963,
            0.02219483687391564,
            0.02145821850298898
        ],
        [
            0.07395597472744182,
            0.0469045236786658,
            0.028635187296336375,
            0.012857378241609617,
            0.011337399661933664,
            0.011257994153236205,
            0.011616756337567239,
            0.010020325663198482,
            0.014665991726396673,
            0.010980229829669605,
            0.005539661634125789,
            0.007591396738506709,
            0.004603036596804055,
            0.005317094931440623,
            0.004723935062120791,
            0.005214896489556065
        ],
        [
            0.06573834966309938,
            0.04450700448527619,
            0.030194097468535137,
            0.02058172204237754,
            0.015177502600196766,
            0.012123047228497306,
            0.01620378778366367,
            0.013296570413345117,
            0.01112131717823368,
            0.011128743760353395,
            0.010938485561817828,
            0.011378252632577687,
            0.011380417213186755,
            0.01213440232931098
        ]
    ],
    "cf_report": {
        "0": {
            "precision": 0.9389473684210525,
            "recall": 0.9826086956521738,
            "f1-score": 0.9580780780780781,
            "support": 20.4
        },
        "1": {
            "precision": 0.8912280701754387,
            "recall": 0.9800000000000001,
            "f1-score": 0.9308878256246678,
            "support": 14.8
        },
        "2": {
            "precision": 0.9788496133300516,
            "recall": 0.9799748723131128,
            "f1-score": 0.979126624017135,
            "support": 195.2
        },
        "3": {
            "precision": 0.6857142857142857,
            "recall": 0.8095238095238095,
            "f1-score": 0.7108974358974358,
            "support": 6.2
        },
        "4": {
            "precision": 0.9826318121400088,
            "recall": 0.993103448275862,
            "f1-score": 0.9877089537423069,
            "support": 63.8
        },
        "5": {
            "precision": 0.9705206220419204,
            "recall": 0.9849824561403508,
            "f1-score": 0.9776840292724923,
            "support": 52.6
        },
        "6": {
            "precision": 0.64,
            "recall": 0.64,
            "f1-score": 0.6222222222222222,
            "support": 5.6
        },
        "micro avg": {
            "precision": 0.9607095996902701,
            "recall": 0.9722983794137525,
            "f1-score": 0.9664495298522547,
            "support": 358.6
        },
        "macro avg": {
            "precision": 0.8696988245461081,
            "recall": 0.9100276117007585,
            "f1-score": 0.8809435955506197,
            "support": 358.6
        },
        "weighted avg": {
            "precision": 0.9632403163017201,
            "recall": 0.9722983794137525,
            "f1-score": 0.9663811063024832,
            "support": 358.6
        },
        "samples avg": {
            "precision": 0.7667872504413117,
            "recall": 0.7734112776907586,
            "f1-score": 0.7663116637719458,
            "support": 358.6
        }
    },
    "hloss": 0.010470543106479557,
    "training_time_epoch": [
        360.2581529276712,
        346.5441950321198,
        358.87333229609897,
        333.83408466974896,
        336.84703593987683
    ],
    "mean_training_time_epoch": 347.2713601731031,