{
  "best_metric": 0.03310501575469971,
  "best_model_checkpoint": "/var/projetos/Jupyterhubstorage/victor.silva/HelBERTModel/Modelos/Indicios/CrossValidation/Chunks/jurisBERT_fold_3/checkpoint-2182",
  "epoch": 5.998625429553265,
  "eval_steps": 500,
  "global_step": 2182,
  "is_hyper_param_search": false,
  "is_local_process_zero": true,
  "is_world_process_zero": true,
  "log_history": [
    {
      "epoch": 1.0,
      "eval_accuracy": 0.5537190082644629,
      "eval_cf_report": {
        "0": {
          "f1-score": 0.0,
          "precision": 0.0,
          "recall": 0.0,
          "support": 25.0
        },
        "1": {
          "f1-score": 0.0,
          "precision": 0.0,
          "recall": 0.0,
          "support": 21.0
        },
        "2": {
          "f1-score": 0.9297052154195011,
          "precision": 0.9447004608294931,
          "recall": 0.9151785714285714,
          "support": 224.0
        },
        "3": {
          "f1-score": 0.0,
          "precision": 0.0,
          "recall": 0.0,
          "support": 8.0
        },
        "4": {
          "f1-score": 0.08695652173913045,
          "precision": 1.0,
          "recall": 0.045454545454545456,
          "support": 66.0
        },
        "5": {
          "f1-score": 0.5689655172413793,
          "precision": 0.559322033898305,
          "recall": 0.5789473684210527,
          "support": 57.0
        },
        "6": {
          "f1-score": 0.0,
          "precision": 0.0,
          "recall": 0.0,
          "support": 10.0
        },
        "macro avg": {
          "f1-score": 0.22651817920000156,
          "precision": 0.35771749924682833,
          "recall": 0.21994006932916707,
          "support": 411.0
        },
        "micro avg": {
          "f1-score": 0.6985507246376811,
          "precision": 0.8637992831541219,
          "recall": 0.5863746958637469,
          "support": 411.0
        },
        "samples avg": {
          "f1-score": 0.5193755739210285,
          "precision": 0.5909090909090909,
          "recall": 0.49426078971533516,
          "support": 411.0
        },
        "weighted avg": {
          "f1-score": 0.599572100173989,
          "precision": 0.7530273945450362,
          "recall": 0.5863746958637469,
          "support": 411.0
        }
      },
      "eval_hammingLoss": 0.08185753640299095,
      "eval_loss": 0.061320237815380096,
      "eval_runtime": 11.6894,
      "eval_samples_per_second": 31.054,
      "eval_steps_per_second": 31.054,
      "step": 363
    },
    {
      "epoch": 1.37,
      "grad_norm": 1.2494909763336182,
      "learning_rate": 9.540863177226815e-06,
      "loss": 0.0664,
      "step": 500
    },
    {
      "epoch": 2.0,
      "eval_accuracy": 0.6308539944903582,
      "eval_cf_report": {
        "0": {
          "f1-score": 0.4117647058823529,
          "precision": 0.7777777777777778,
          "recall": 0.28,
          "support": 25.0
        },
        "1": {
          "f1-score": 0.4,
          "precision": 0.6666666666666666,
          "recall": 0.2857142857142857,
          "support": 21.0
        },
        "2": {
          "f1-score": 0.8808080808080807,
          "precision": 0.8044280442804428,
          "recall": 0.9732142857142857,
          "support": 224.0
        },
        "3": {
          "f1-score": 0.0,
          "precision": 0.0,
          "recall": 0.0,
          "support": 8.0
        },
        "4": {
          "f1-score": 0.5684210526315789,
          "precision": 0.9310344827586207,
          "recall": 0.4090909090909091,
          "support": 66.0
        },
        "5": {
          "f1-score": 0.7857142857142856,
          "precision": 0.6626506024096386,
          "recall": 0.9649122807017544,
          "support": 57.0
        },
        "6": {
          "f1-score": 0.0,
          "precision": 0.0,
          "recall": 0.0,
          "support": 10.0
        },
        "macro avg": {
          "f1-score": 0.43524401786232836,
          "precision": 0.5489367962704496,
          "recall": 0.4161331087458907,
          "support": 411.0
        },
        "micro avg": {
          "f1-score": 0.7709359605911329,
          "precision": 0.7805486284289277,
          "recall": 0.7615571776155717,
          "support": 411.0
        },
        "samples avg": {
          "f1-score": 0.6134986225895317,
          "precision": 0.6473829201101928,
          "recall": 0.6186868686868687,
          "support": 411.0
        },
        "weighted avg": {
          "f1-score": 0.7257825584123294,
          "precision": 0.7612060500308564,
          "recall": 0.7615571776155717,
          "support": 411.0
        }
      },
      "eval_hammingLoss": 0.07319952774498228,
      "eval_loss": 0.05049188435077667,
      "eval_runtime": 11.6851,
      "eval_samples_per_second": 31.065,
      "eval_steps_per_second": 31.065,
      "step": 727
    },
    {
      "epoch": 2.75,
      "grad_norm": 2.231081008911133,
      "learning_rate": 9.081726354453628e-06,
      "loss": 0.0361,
      "step": 1000
    },
    {
      "epoch": 3.0,
      "eval_accuracy": 0.743801652892562,
      "eval_cf_report": {
        "0": {
          "f1-score": 0.07692307692307693,
          "precision": 1.0,
          "recall": 0.04,
          "support": 25.0
        },
        "1": {
          "f1-score": 0.3870967741935483,
          "precision": 0.6,
          "recall": 0.2857142857142857,
          "support": 21.0
        },
        "2": {
          "f1-score": 0.8990384615384617,
          "precision": 0.9739583333333334,
          "recall": 0.8348214285714286,
          "support": 224.0
        },
        "3": {
          "f1-score": 0.0,
          "precision": 0.0,
          "recall": 0.0,
          "support": 8.0
        },
        "4": {
          "f1-score": 0.9523809523809523,
          "precision": 1.0,
          "recall": 0.9090909090909091,
          "support": 66.0
        },
        "5": {
          "f1-score": 0.8971962616822429,
          "precision": 0.96,
          "recall": 0.8421052631578947,
          "support": 57.0
        },
        "6": {
          "f1-score": 0.18181818181818182,
          "precision": 1.0,
          "recall": 0.1,
          "support": 10.0
        },
        "macro avg": {
          "f1-score": 0.48492195836235197,
          "precision": 0.7905654761904762,
          "recall": 0.430247412362074,
          "support": 411.0
        },
        "micro avg": {
          "f1-score": 0.8358620689655172,
          "precision": 0.964968152866242,
          "recall": 0.7372262773722628,
          "support": 411.0
        },
        "samples avg": {
          "f1-score": 0.628099173553719,
          "precision": 0.6707988980716253,
          "recall": 0.6136363636363636,
          "support": 411.0
        },
        "weighted avg": {
          "f1-score": 0.7962341512335022,
          "precision": 0.9403568532035685,
          "recall": 0.7372262773722628,
          "support": 411.0
        }
      },
      "eval_hammingLoss": 0.046831955922865015,
      "eval_loss": 0.04206813499331474,
      "eval_runtime": 11.7523,
      "eval_samples_per_second": 30.887,
      "eval_steps_per_second": 30.887,
      "step": 1091
    },
    {
      "epoch": 4.0,
      "eval_accuracy": 0.8044077134986226,
      "eval_cf_report": {
        "0": {
          "f1-score": 0.5833333333333334,
          "precision": 0.6086956521739131,
          "recall": 0.56,
          "support": 25.0
        },
        "1": {
          "f1-score": 0.5641025641025642,
          "precision": 0.6111111111111112,
          "recall": 0.5238095238095238,
          "support": 21.0
        },
        "2": {
          "f1-score": 0.9406392694063926,
          "precision": 0.9626168224299065,
          "recall": 0.9196428571428571,
          "support": 224.0
        },
        "3": {
          "f1-score": 0.0,
          "precision": 0.0,
          "recall": 0.0,
          "support": 8.0
        },
        "4": {
          "f1-score": 0.9848484848484849,