{
    "model_name": "BERTimbau",
    "perplexity": 2.285537206301303,
    "time": 5434.315613746643
}