{
    "modelName": "BERTimbau",
    "precisao": 0.7235306494484375,
    "recall": 0.5283151836501837,
    "f1": 0.532224582618339,
    "acuracia": 0.5283151836501837,
    "hloss": 0.47168481634981624
}