{
    "modelName": "HelBERT-base-uncased",
    "precisao": 0.7481515750823635,
    "recall": 0.35918754299713074,
    "f1": 0.4748658068720272,
    "acuracia": 0.35918754299713074,
    "hloss": 0.6408124570028693
}