{
    "model_name": "HelBERT-uncased-fs-6",
    "perplexity": 83.01323914159013,
    "time": 5403.225421190262
}