{
    "modelName": "jurisBERT",
    "precisao": 0.6899862224186215,
    "recall": 0.5080708760508079,
    "f1": 0.5174742868704013,
    "acuracia": 0.5080708760508079,
    "hloss": 0.4919291239491921
}