{
    "modelName": "LegalBERT-pt-sc",
    "precisao": 0.5912273874063002,
    "recall": 0.45522425625450946,
    "f1": 0.47672909908166894,
    "acuracia": 0.45522425625450946,
    "hloss": 0.5447757437454905
}