{
    "modelName": "mBERT",
    "precisao": 0.6109668512662715,
    "recall": 0.32289376982062856,
    "f1": 0.32440190888065973,
    "acuracia": 0.32289376982062856,
    "hloss": 0.6771062301793714
}