{
    "modelName": "BERTimbau",
    "precisao": 0.7355110005022101,
    "recall": 0.5224592220828106,
    "f1": 0.5294389339530259,
    "acuracia": 0.5224592220828106,
    "hloss": 0.47754077791718946
}