{
    "modelName": "HelBERT-base-uncased-scratch-30",
    "precisao": 0.734655578402956,
    "recall": 0.26849788277245373,
    "f1": 0.3473469689415385,
    "acuracia": 0.26849788277245373,
    "hloss": 0.7315021172275462
}