{
    "modelName": "jurisBERT",
    "precisao": 0.7195244097806602,
    "recall": 0.5112547359037218,
    "f1": 0.5206061743650419,
    "acuracia": 0.5112547359037218,
    "hloss": 0.4887452640962781
}