{
    "modelName": "LegalBERT-pt-sc",
    "precisao": 0.6239295261992848,
    "recall": 0.46361711611321593,
    "f1": 0.49987923090069064,
    "acuracia": 0.46361711611321593,
    "hloss": 0.536382883886784
}