{
    "modelName": "mBERT",
    "precisao": 0.6392786236132573,
    "recall": 0.3551386166339961,
    "f1": 0.36446597001904446,
    "acuracia": 0.3551386166339961,
    "hloss": 0.644861383366004
}