{
    "modelName": "BERTimbau",
    "precisao": 0.7593274187968001,
    "recall": 0.5364411201948165,
    "f1": 0.551332134656932,
    "acuracia": 0.5364411201948165,
    "hloss": 0.4635588798051835
}