{
    "modelName": "HelBERT-base-uncased-scratch-30",
    "precisao": 0.7655650924643438,
    "recall": 0.5463622291021671,
    "f1": 0.5899711770654535,
    "acuracia": 0.5463622291021671,
    "hloss": 0.4536377708978328
}