{
    "modelName": "jurisBERT",
    "precisao": 0.7305166226212507,
    "recall": 0.45558878202537784,
    "f1": 0.48129280516056216,
    "acuracia": 0.45558878202537784,
    "hloss": 0.5444112179746221
}