{
    "modelName": "LegalBERT-pt-sc",
    "precisao": 0.6488561163665137,
    "recall": 0.4168398304380351,
    "f1": 0.4637191529292464,
    "acuracia": 0.4168398304380351,
    "hloss": 0.5831601695619649
}