{
    "modelName": "mBERT",
    "precisao": 0.6096332508246973,
    "recall": 0.2756268273234695,
    "f1": 0.319820429125279,
    "acuracia": 0.2756268273234695,
    "hloss": 0.7243731726765306
}