{
    "model_name": "mBERT",
    "train_loss": 0.4635868372581259,
    "train_loss_curve": [
        [
            1.3556445404835993,
            1.2709438333806304,
            1.180497467108199,
            1.0825807388705486,
            0.9874980016467497,
            0.916440509899785,
            0.8431996849599163,
            0.8012186056867088,
            0.7680897978470498,
            0.7349382683993205,
            0.6969813206249086,
            0.6667018456198915,
            0.6326058029718825,
            0.6142089157093227,
            0.5951429197110262,
            0.5655782694553899,
            0.5190726651640487,
            0.5127620608817876,
            0.4997784009081699,
            0.4749402689949139,
            0.4635868372581259,
            0.4436458774691902,
            0.4212213420017888,
            0.401999721636426
        ],
        [
            1.3566646537010612,
            1.2583779334202665,
            1.1575585769623826,
            1.058440678922581,
            0.9650568826399308,
            0.89901984751839,
            0.8406332405060017,
            0.7855232474218119,
            0.7494437890159306,
            0.7243563413005514,
            0.6859292307055693,
            0.6412324954810011,
            0.6171902546921546,
            0.5938818836824719,
            0.5670200192731168,
            0.5389253514021942,
            0.5220888870483411,
            0.5139267233638829,
            0.480279229094892,
            0.4657025066975671,
            0.46266204319715093,
            0.43368877468573064,
            0.413493186122613
        ],
        [
            1.3597932609495837,
            1.272542432001776,
            1.1794140107443243,
            1.079834958941666,
            0.9854733972614983,
            0.9037370945989471,
            0.8289209521820455,
            0.7896949968899238,
            0.7499380868017879,
            0.6969660945569527,
            0.6746966311151219,
            0.6280206058852861,
            0.5989088823321144,
            0.593663680415178,
            0.563514527931963,
            0.5329590834856442,
            0.525097992347995,
            0.49084947070049256
        ],
        [
            1.3684155695217173,
            1.272537550360886,
            1.1817197820165313,
            1.0829695854400032,
            0.9810164064885825,
            0.9021899418527728,
            0.8361264547121894,
            0.7795868367468778,
            0.7322898702215903,
            0.6860137815584022,
            0.6571790193978864,
            0.6200704738958595,
            0.6005693971598681,
            0.5652628833895287,
            0.5525911952724162,
            0.5250124370365618,
            0.49915990219979556,
            0.48536628429038625,
            0.46630469928543594,
            0.4368224130604173,
            0.4237193428684039,
            0.4203996039043689,
            0.3851914457477552,
            0.3820350644757965
        ],
        [
            1.3559809687620996,
            1.2613364626042212,
            1.1586775216449987,
            1.0557941216783426,
            0.9567402592024852,
            0.871687166725647,
            0.8129907257061234,
            0.7520403960828519,
            0.7108671226093859,
            0.6827790477021863,
            0.6391611223419508,
            0.6095334787139368,
            0.580390269762462,
            0.5556252633583095,
            0.5143403678018715,
            0.5159176295956027,
            0.48123783963217154
        ]
    ],
    "val_loss": 0.6792993414891909,
    "val_loss_curve": [
        [
            1.3014270132535124,
            1.2258505960033363,
            1.1682657999535129,
            1.0471771735034576,
            0.9981317250695947,
            0.9558030964985286,
            0.9448252826520841,
            0.855049483171881,
            0.829464316776354,
            0.8319008877016094,
            0.7957267900035806,
            0.7838773577384752,
            0.7558374760085589,
            0.7555610570189071,
            0.7187195795856111,
            0.7381881020248753,
            0.7316460296103399,
            0.7078791279600908,
            0.7522575210728873,
            0.6950778121205226,
            0.6792993414891909,
            0.6958018756688458,
            0.7007181644439697,
            0.6960883136481455
        ],
        [
            1.318410283898654,
            1.2429815775727573,
            1.1743533676617766,
            1.0642978818449256,
            1.0164343494258514,
            0.9832525779939678,
            0.9624269469960095,
            0.9247179751935071,
            0.9249819786581275,
            0.8692163565795715,
            0.8669852144914131,
            0.8425474646565032,
            0.8256867732087226,
            0.8346793391320804,
            0.8788899307789868,
            0.819049893738064,
            0.863219437125611,
            0.8172707572987635,
            0.8599754479037572,
            0.8043532166885187,
            0.8562704906990267,
            0.8350734297339231,
            0.8049870327829498
        ],
        [
            1.340677213995424,
            1.2597085139522815,
            1.1764927016545648,
            1.0791754885895612,
            0.9952245403642523,
            0.9191865288231471,
            0.8880603125650589,
            0.8562147074366269,
            0.8241243619624883,
            0.7873972936035836,
            0.7710879083773862,
            0.7636055501356517,
            0.7685091720051962,
            0.7541473057784446,
            0.7127625084903142,
            0.7509024518809907,
            0.7346075701795213,
            0.7366371371158181
        ],
        [
            1.3241912877722963,
            1.244357652860145,
            1.1579857272644565,
            1.070245090412767,
            1.0046746475647574,
            0.9676662267070927,
            0.9245691556636602,
            0.9145225159925957,
            0.933073929319643,
            0.9205519093634331,
            0.8750560266310221,
            0.9148809362764228,
            0.8365359439017022,
            0.8363302811367871,
            0.8702458797456467,
            0.9329317992884819,
            0.809156197493207,
            0.8063309705012465,
            0.8255774555345105,
            0.8642146877740344,
            0.8021315655683818,
            0.8071113379340465,
            0.8200257087815298,
            0.8332645685399231
        ],
        [
            1.2861524591707203,
            1.2156435961592686,
            1.1238050322010094,
            1.0368041783979494,
            0.9821048591234912,
            0.957525421495307,
            0.8894996794119273,
            0.8921806141734123,
            0.8758655766101733,
            0.8310396252837899,
            0.8167023960858175,
            0.81980467720391,
            0.8004080755253361,
            0.7798613393551683,
            0.8348391209154913,
            0.7927580737087825,
            0.793062762242474
        ]
    ],
    "cf_report": {
        "0": {
            "precision": 0.8666666666666668,
            "recall": 0.8552631578947368,
            "f1-score": 0.8609271523178809,
            "support": 76.0
        },
        "1": {
            "precision": 0.6612903225806451,
            "recall": 0.6507936507936508,
            "f1-score": 0.656,
            "support": 63.0
        },
        "2": {
            "precision": 0.6989247311827957,
            "recall": 0.7647058823529411,
            "f1-score": 0.7303370786516853,
            "support": 85.0
        },
        "3": {
            "precision": 0.7704918032786885,
            "recall": 0.7014925373134329,
            "f1-score": 0.734375,
            "support": 67.0
        },
        "accuracy": 0.7491408934707904,
        "macro avg": {
            "precision": 0.749343380927199,