{
    "model_name": "LegalBERT-pt-sc",
    "train_loss": 0.312028913948006,
    "train_loss_curve": [
        [
            1.1851942003051812,
            0.869554229254756,
            0.6793111144417079,
            0.591346273842816,
            0.534870429408397,
            0.4907844318120488,
            0.46032370968121233,
            0.43443439838206654,
            0.40483625203144746,
            0.3917860371173821,
            0.38409725681521767,
            0.36643056866329893,
            0.3448343161476132,
            0.32890377790997866,
            0.312028913948006,
            0.2900759417032736,
            0.29984301428863275,
            0.27331692236475646
        ],
        [
            1.1839577857857553,
            0.869675622365185,
            0.6899944589099037,
            0.60815867525743,
            0.5373552100228094,
            0.5046125567631325,
            0.4506560357757539,
            0.4242753888019056,
            0.4093486906886623,
            0.37986398536590077,
            0.3588453093674208,
            0.3517072536486471,
            0.3348110228968419,
            0.3157560782176312,
            0.3014205173949959,
            0.29538694493446466,
            0.2836326980380185,
            0.25925175622475516,
            0.2581220694693027
        ],
        [
            1.1814195583356875,
            0.8609795208637402,
            0.6700497548330888,
            0.5829571209256058,
            0.5315343114834662,
            0.49085192501579766,
            0.4559674133659802,
            0.4263183204457164,
            0.4035784814715664,
            0.37786854973289175,
            0.3583161391156821,
            0.352051213490298,
            0.3320024378824039
        ],
        [
            1.1557768249762392,
            0.8248607392344519,
            0.6626016041176899,
            0.5833095061879988,
            0.5303552384775515,
            0.47525088693598444,
            0.4540748176356412,
            0.4291454760453481,
            0.4009022218083841,
            0.38286185822510554,
            0.36235313536816877,
            0.3388107157895498,
            0.3404800903713592,
            0.30711607918769956,
            0.29921021091394895
        ],
        [
            1.1974423835489238,
            0.8656912560566007,
            0.6882680282170806,
            0.5884590334842138,
            0.5274583855556829,
            0.4818874182196978,
            0.4492525397147113,
            0.42466239778707937,
            0.40799396919417324,
            0.38060096468532756,
            0.3680629050054492,
            0.3491299401241938,
            0.33823862341754835,
            0.3252670358960021,
            0.29766975269679014,
            0.29993662580947833,
            0.278643111095581,
            0.2701738366942035,
            0.25728096500274106
        ]
    ],
    "val_loss": 0.38485346120024955,
    "val_loss_curve": [
        [
            1.0063389492369144,
            0.8268046771811548,
            0.6477569006035261,
            0.5806231570438803,
            0.5726668698208355,
            0.5002009927808682,
            0.4684629282592056,
            0.47178962948584113,
            0.4625073184442019,
            0.4418800357189552,
            0.419544187034959,
            0.4197081211153592,
            0.43315098897736765,
            0.41415981214632774,
            0.38485346120024955,
            0.40069232223050616,
            0.3858295877107254,
            0.3968856522691584
        ],
        [
            0.9747869013068832,
            0.7162109368315367,
            0.6215371637143822,
            0.5324783810527525,
            0.49623021855950356,
            0.5441923409909288,
            0.4929117521044807,
            0.49951445384421084,
            0.45861669910949804,
            0.4927759996101817,
            0.43481099424518155,
            0.4715830459842615,
            0.49979386409030896,
            0.42885184407269006,
            0.4450646150056447,
            0.4239984056868843,
            0.4454613088969594,
            0.45627963824075796,
            0.47709567736938735
        ],
        [
            1.0137554265071298,
            0.7745771423400005,
            0.6503509331807912,
            0.6152418862297157,
            0.5458822377269792,
            0.5833401422355776,
            0.49294565764264525,
            0.47067273133129717,
            0.5406774989216128,
            0.44852183546836133,
            0.50338975331424,
            0.4781324466881908,
            0.48953679697501046
        ],
        [
            0.9477905742475919,
            0.7132105231285095,
            0.6227284401098144,
            0.5879688540769514,
            0.562722040392528,
            0.5272729013324062,
            0.5088936501992083,
            0.49686571824251213,
            0.49559613968306615,
            0.5156294843269007,
            0.47271907608085706,
            0.4522795644806367,
            0.4587205501499577,
            0.456853963295433,
            0.47751459888743986
        ],
        [
            1.0140135745021785,
            0.7520588408006685,
            0.638546729895556,
            0.5975710653534559,
            0.5905592374712507,
            0.502457923734578,
            0.49000867879209675,
            0.49242687350678666,
            0.4690918062996363,
            0.45332449312522033,
            0.46879456293220834,
            0.4457632809807764,
            0.4296318119583286,
            0.4636485918520767,
            0.42497561787577154,
            0.40858051624740954,
            0.42747968648534235,
            0.4349295690103008,
            0.48499657473500785
        ]
    ],
    "cf_report": {
        "0": {
            "precision": 0.9104477611940298,
            "recall": 0.9384615384615385,
            "f1-score": 0.9242424242424242,
            "support": 130.0
        },
        "1": {
            "precision": 0.8923076923076924,
            "recall": 0.7837837837837838,
            "f1-score": 0.8345323741007193,
            "support": 74.0
        },
        "2": {
            "precision": 0.8321167883211679,
            "recall": 0.9120000000000001,
            "f1-score": 0.8702290076335878,
            "support": 125.0
        },
        "3": {
            "precision": 0.9130434782608695,
            "recall": 0.8484848484848484,
            "f1-score": 0.8795811518324607,
            "support": 99.0
        },
        "accuracy": 0.883177570093458,
        "macro avg": {
            "precision": 0.88697893002094,
            "recall": 0.8706825426825426,
            "f1-score": 0.8771462394522981,
            "support": 428.0
        },
        "weighted avg": {
            "precision": 0.8850347688644046,
            "recall": 0.883177570093458,
            "f1-score": 0.8826263336929451,
            "support": 428.0
        }
    },
    "hloss": 0.11682242990654206,
    "training_time_epoch": [
        53.282823758966785,
        53.10300004482269,
        54.58252082268397,
        54.05582044805799,
        53.272091110547386
    ],
    "mean_training_time_epoch": 53.659251237015766,