{
    "model_name": "LegalBERT-pt-sc",
    "train_loss": 0.2834193983323283,
    "train_loss_curve": [
        [
            1.2881018337105559,
            1.0457399966790504,
            0.8754280976618278,
            0.7470543437294944,
            0.6479308861739856,
            0.5807905046979791,
            0.5330705469493399,
            0.4886186447288982,
            0.45938847679964867,
            0.42261665555107636,
            0.3964032548386924,
            0.3744266496465583,
            0.355606388595096,
            0.3229415299646121,
            0.30679651421072324
        ],
        [
            1.2920569494827507,
            1.0650979691149853,
            0.8749006013689992,
            0.7531176571993484,
            0.6537659062757525,
            0.5873591746763676,
            0.5376543050369447,
            0.49179569675340684,
            0.46066416460777476,
            0.4288060496228385,
            0.4120623486250946,
            0.3861591505059569,
            0.35873071981203514,
            0.3427779238088588,
            0.3276428859392853,
            0.30876089898786185,
            0.29081681655092595,
            0.2814444419175796,
            0.26583024641799763,
            0.2563406094985524
        ],
        [
            1.2925892048275347,
            1.076196581022846,
            0.8874909766146407,
            0.7614344511552364,
            0.6690433390720194,
            0.597406386048933,
            0.5458829855079094,
            0.4915829106550856,
            0.45943102865284663,
            0.42602452308041944,
            0.40533577623261824,
            0.3816010608142594,
            0.3582239919358103,
            0.33594211676122804,
            0.32147184939242107,
            0.3019727237932256,
            0.2767400161692828,
            0.26476742352816657,
            0.2464347634963768,
            0.23529473815714985,
            0.22404079732270687
        ],
        [
            1.30551249772003,
            1.0846114521174086,
            0.8807778329271632,
            0.7369739993433773,
            0.6405934875517366,
            0.5678777613027399,
            0.5218659839320838,
            0.49121528639877376,
            0.45474653239153917,
            0.4224247132840845,
            0.3955570364697385,
            0.3805571932512051,
            0.3527499935317695,
            0.34157540383540685,
            0.31096069900722234,
            0.3001696985435778,
            0.2750701088317481,
            0.2576230022403383,
            0.2455356417230212,
            0.2355112036517293,
            0.221951736570928,
            0.20513715736785604,
            0.20139560775024837,
            0.19297220233405374
        ],
        [
            1.3002320384651525,
            1.0742606370104957,
            0.8705151760086571,
            0.7409076779261488,
            0.640930903928284,
            0.5779792558517038,
            0.5282300040253863,
            0.493603872564138,
            0.450608704930421,
            0.4241480765499405,
            0.3991255593322909,
            0.3743452064539354,
            0.3630985196654227,
            0.3441995287128433,
            0.3149723901006928,
            0.3040301938096375,
            0.27832167178289996,
            0.26655941997427507,
            0.24936275482273748,
            0.24685154671547135
        ]
    ],
    "val_loss": 0.48571068434912246,
    "val_loss_curve": [
        [
            1.144459160223399,
            0.9271875591310736,
            0.7790036609728043,
            0.6885402437350522,
            0.6384912123010583,
            0.6597760976993874,
            0.5667097376633997,
            0.5364513599301037,
            0.5404476224355501,
            0.5482238508658867,
            0.527106893746412,
            0.5039653360129219,
            0.5142346938995466,
            0.5491917946261086,
            0.5406018145101732
        ],
        [
            1.187450503649777,
            0.9924223235208695,
            0.9179762360984332,
            0.7727222583473545,
            0.7857962999850103,
            0.6596424304050942,
            0.6179793218329345,
            0.5854554607035363,
            0.6098206092233527,
            0.5546064704452476,
            0.5323912411519925,
            0.5252839481483583,
            0.5410380419088553,
            0.5076755324046905,
            0.6142229610824421,
            0.518390618928083,
            0.4882545289264558,
            0.5007985962988579,
            0.518647665897869,
            0.49195763854029245
        ],
        [
            1.19580681683266,
            1.0110938353081271,
            0.8217937276787954,
            0.7679588251734433,
            0.6442562117152018,
            0.6205885878776851,
            0.5715223683478081,
            0.5513523652741353,
            0.5366871625389138,
            0.5630648481111004,
            0.563067964648139,
            0.522685450744139,
            0.49203084746043974,
            0.5201090652342528,
            0.4879377747643484,
            0.4728854235823024,
            0.49769529348162755,
            0.4637662406806668,
            0.4735262780641652,
            0.4666946779821731,
            0.508588789400887
        ],
        [
            1.1753378322679702,
            0.98523090432768,
            0.822020707473363,
            0.7369709296585762,
            0.6748704645935804,
            0.6366269813008505,
            0.7155057515387666,
            0.678441449693621,
            0.6138765690465496,
            0.6106141348918007,
            0.5510394702831359,
            0.547840787072296,
            0.5380920337079322,
            0.576023583440748,
            0.5840413448439069,
            0.5370862168731959,
            0.5502951523824914,
            0.5379683929304145,
            0.5249799419360311,
            0.5673801284793714,
            0.5178610567922053,
            0.5548520093617885,
            0.5300527665866156,
            0.5205098245331176
        ],
        [
            1.188765033467175,
            0.985586500331147,
            0.8013275388168962,
            0.7238203830098453,
            0.6838099231866941,
            0.611502347131298,
            0.5906474049368949,
            0.56070764806785,
            0.5469025273437369,
            0.5510001364227843,
            0.5342606848411976,
            0.5260243657721232,
            0.558133408631364,
            0.5249069958721122,
            0.501763152354078,
            0.5101454493474878,
            0.4982975006664861,
            0.5644456268581626,
            0.4996284271960389,
            0.5147202049114116
        ]
    ],
    "cf_report": {
        "0": {
            "precision": 0.934468715290633,
            "recall": 0.9052631578947368,
            "f1-score": 0.9196241610738254,
            "support": 76.0
        },
        "1": {
            "precision": 0.685623869801085,
            "recall": 0.7111111111111111,
            "f1-score": 0.6930524322405018,
            "support": 63.0
        },
        "2": {
            "precision": 0.7795988049509176,
            "recall": 0.79890756302521,
            "f1-score": 0.7835224884405212,
            "support": 84.4
        },
        "3": {
            "precision": 0.8940212150433944,
            "recall": 0.8477611940298507,
            "f1-score": 0.8696759259259258,
            "support": 67.0
        },
        "accuracy": 0.818881384050243,
        "macro avg": {
            "precision": 0.8234281512715074,
            "recall": 0.8157607565152272,
            "f1-score": 0.8164687519201937,
            "support": 290.4
        },
        "weighted avg": {
            "precision": 0.8262777512827286,
            "recall": 0.818881384050243,
            "f1-score": 0.8194176710232248,
            "support": 290.4
        }
    },
    "hloss": 0.1811186159497571,