{
    "model_name": "HelBERT-uncased-fs-6",
    "train_loss": 0.1291958752669125,
    "train_loss_curve": [
        [
            1.0222570526436023,
            0.6585432780567313,
            0.49828818431476135,
            0.391032796666743,
            0.32415175926311524,
            0.2678331004398078,
            0.22825088914038927,
            0.19784184621608594,
            0.1712494299961478,
            0.1480618673216718,
            0.13121482720370548,
            0.1127576384852605,
            0.1044102093510196
        ],
        [
            1.0759179698642587,
            0.6709250291342178,
            0.4826114083099406,
            0.3746627918044521,
            0.3111188774208356,
            0.261684473597563,
            0.22562327671354426,
            0.19795325800218008,
            0.18041128302361062,
            0.1527784788433808,
            0.14003926314912812,
            0.12352650316073671,
            0.10846269596888143,
            0.09955533607434834,
            0.08759854384497948,
            0.0813602526668984,
            0.07258515615461081
        ],
        [
            1.0714348554611206,
            0.6755850991535023,
            0.4939740767696059,
            0.39255537195099177,
            0.3247464767103547,
            0.27517345125540527,
            0.2375484285876155,
            0.2070827776977402,
            0.18086850020035947,
            0.16289325883048764,
            0.1505711348351296,
            0.1290438008311451,
            0.11916781103724927,
            0.10708477457183577,
            0.10091234886233896
        ],
        [
            1.0951541074362816,
            0.675558070546573,
            0.4760574300059748,
            0.36846748880299507,
            0.2995471279824927,
            0.2583708396482304,
            0.21853733605855621,
            0.18934561112492354,
            0.1610936853935449,
            0.13942659533617832,
            0.1298818302367209,
            0.11526787077489588
        ],
        [
            1.1018644409491025,
            0.6987202187993682,
            0.4994071727663381,
            0.3861474479929483,
            0.3167543070410023,
            0.2686261130509661,
            0.23111369840711152,
            0.20263393718070796,
            0.18492147151086338,
            0.15837739631565628,
            0.13675427003251547,
            0.12562079034778498,
            0.11170233114497717,
            0.10375776383313719,
            0.08928176088465051,
            0.08184279601911365,
            0.07677753839287363,
            0.06964506596167606,
            0.05769407185831882,
            0.06293466855664626,
            0.05334886474579075
        ]
    ],
    "val_loss": 0.2613490868007369,
    "val_loss_curve": [
        [
            0.7700988944262674,
            0.5608542206352705,
            0.45009087077150606,
            0.39013551160284915,
            0.34867435106880046,
            0.349138250127945,
            0.3257890583258377,
            0.3221364989366433,
            0.3014176757432112,
            0.2992943219636401,
            0.32185289805295736,
            0.31327076584311225,
            0.30898166073275707
        ],
        [
            0.8440031401098591,
            0.6107238522947651,
            0.4789700451472851,
            0.44822166926444396,
            0.3701087886288966,
            0.32385877435644195,
            0.3070945353629961,
            0.2958604594667072,
            0.29950653872618527,
            0.27829226017100356,
            0.26336737377696656,
            0.270076206945878,
            0.26507281051623344,
            0.25158485945645875,
            0.25870598086127244,
            0.28181685154543146,
            0.2691538707091639
        ],
        [
            0.7857674854258968,
            0.5368838996103366,
            0.4200082543778093,
            0.3516442317974894,
            0.3222287726422695,
            0.3353760599681776,
            0.2756337430583288,
            0.2857126101392181,
            0.26203249114858984,
            0.2639181150939979,
            0.28261155640859514,
            0.24887392579973355,
            0.2544838906208385,
            0.2558671129621846,
            0.25477949744457223
        ],
        [
            0.8273726746644059,
            0.577797630061842,
            0.47245562454200773,
            0.4109564464896509,
            0.3714804369701098,
            0.344762496318515,
            0.3399125909917567,
            0.35988717364810713,
            0.3262110044095308,
            0.34801964311898775,
            0.35178437771607346,
            0.366799637375476
        ],
        [
            0.882000689637171,
            0.6220642656904377,
            0.4776007255462751,
            0.4104881795403892,
            0.3576704209083564,
            0.33161918186161615,
            0.3248835742499118,
            0.2979394108031506,
            0.28879861498398274,
            0.28695386497954495,
            0.28867055714283496,
            0.2733091648719082,
            0.26340106119440027,
            0.2798012165936373,
            0.2602325382392075,
            0.2622224563032657,
            0.25969779821693234,
            0.25704294507876546,
            0.257366644550268,
            0.2619638317344353,
            0.29231749955335096
        ]
    ],
    "cf_report": {
        "0": {
            "precision": 0.9418238372667128,
            "recall": 0.9710526315789474,
            "f1-score": 0.9560704119331701,
            "support": 76.0
        },
        "1": {
            "precision": 0.8967110309045794,
            "recall": 0.8258928571428571,
            "f1-score": 0.8588226392251815,
            "support": 63.2
        },
        "2": {
            "precision": 0.9162677484787018,
            "recall": 0.936218487394958,
            "f1-score": 0.9260681114551085,
            "support": 84.4
        },
        "3": {
            "precision": 0.9169163936761144,
            "recall": 0.9252374491180462,
            "f1-score": 0.9200722145269481,
            "support": 66.8
        },
        "accuracy": 0.9187581466998459,
        "macro avg": {
            "precision": 0.9179297525815271,
            "recall": 0.9146003563087021,
            "f1-score": 0.915258344285102,
            "support": 290.4
        },
        "weighted avg": {
            "precision": 0.9188193523311329,
            "recall": 0.9187581466998459,
            "f1-score": 0.9178718199514121,
            "support": 290.4
        }
    },
    "hloss": 0.08124185330015406,
    "training_time_epoch": [
        35.850447018941246,
        34.9367139339447,
        35.158699767930166,
        35.79676034233787,
        34.369414281845096
    ],
    "mean_training_time_epoch": 35.222407068999814,