{
    "model_name": "jurisBERT",
    "train_loss": 0.2578899190140267,
    "train_loss_curve": [
        [
            1.2482957973103344,
            0.9826005617367852,
            0.779761813452973,
            0.6585248209971333,
            0.5748853455089622,
            0.5049896492683601,
            0.46232210087295483,
            0.41093991789006695,
            0.3812640351579361,
            0.3437460673096049,
            0.31700539138948997,
            0.28634680329687584,
            0.2582183417282467,
            0.23729868172715926
        ],
        [
            1.276493846346013,
            0.9726964467784384,
            0.7926151625991277,
            0.669577185435803,
            0.5905301709918632,
            0.5262943710427719,
            0.46722328956670983,
            0.4333646584596626,
            0.3992723238196774,
            0.367600927571046,
            0.3389758008317798,
            0.3132501175767931,
            0.2847393337842013,
            0.2712831916511571,
            0.24859731306427532,
            0.2376231772095426,
            0.22054153740649268,
            0.19532600335482367,
            0.18146224712366493
        ],
        [
            1.25937438646133,
            0.9764347719572664,
            0.7770577240543267,
            0.6459761817021059,
            0.5573218191663424,
            0.5084996397040554,
            0.4570172318734254,
            0.41185346034537884,
            0.37486854113664003,
            0.3389752472517212,
            0.3116346981754059,
            0.28903022434728864,
            0.25646650766204926,
            0.24119563639176772,
            0.2184796040970512,
            0.19113983771574916,
            0.19474202976002009,
            0.1685026614755533
        ],
        [
            1.2304159314771699,
            0.9323633633733205,
            0.7393301307028511,
            0.6263847465265248,
            0.5479360237666422,
            0.48950728927690956,
            0.4347186965349409,
            0.4012721024991311,
            0.36410755868297057,
            0.3406542759721529,
            0.3119654093222545,
            0.27297650240489707,
            0.27873022821683857
        ],
        [
            1.2409097347472542,
            0.9447929663551632,
            0.7588252566780421,
            0.6345873567374916,
            0.5533274704545634,
            0.48156170168078644,
            0.4338591958930607,
            0.3856867915595469,
            0.35098128621162417,
            0.3175684119289888,
            0.2885691227320953,
            0.27197054176370505,
            0.25025043196822566,
            0.2223268461948152,
            0.20362062003508313
        ]
    ],
    "val_loss": 0.4229101106549983,
    "val_loss_curve": [
        [
            1.104702108526883,
            0.885326671681992,
            0.7654537774928628,
            0.6688738124419565,
            0.6174125456034321,
            0.5662108629635753,
            0.5774447383639747,
            0.5258683829683147,
            0.5045032850785615,
            0.49755024690538235,
            0.45434976703398033,
            0.4930533624113831,
            0.4708219246160596,
            0.46835639710499816
        ],
        [
            1.1128999819494274,
            0.9190962890239611,
            0.7744848246443762,
            0.6818017686066562,
            0.6292029180347103,
            0.595076812048481,
            0.6047857201670948,
            0.5465025100091548,
            0.5373970920296565,
            0.5202351863151544,
            0.5090935276183364,
            0.49973882831735156,
            0.5056826058928281,
            0.5038735144707847,
            0.4857472080660805,
            0.46709707047637194,
            0.47479515908005304,
            0.533046825393422,
            0.4838967749670352
        ],
        [
            1.0759208055391705,
            0.8192778850254947,
            0.6659293199238712,
            0.5969018713660437,
            0.5848654510631953,
            0.48710458975744575,
            0.5182763180402044,
            0.4476694781078051,
            0.4385956360205804,
            0.4321412527806138,
            0.4262379162804517,
            0.44922020707330473,
            0.4568938610131202,
            0.41982212198311336,
            0.40195033973567695,
            0.42731631727098196,
            0.4219327291652356,
            0.44222170907417185
        ],
        [
            1.0725264394119993,
            0.8566131452991538,
            0.7401334714807876,
            0.6764283576240279,
            0.6422405060227603,
            0.6024456439054993,
            0.603101750453041,
            0.5805123531042713,
            0.5650914891380562,
            0.5299408251215538,
            0.5517761453169666,
            0.5450847624762826,
            0.5300502498468308
        ],
        [
            1.103141869584175,
            0.898510362187477,
            0.7710391413675596,
            0.7028298375949468,
            0.6319063972324541,
            0.6423047065530738,
            0.5638363392487781,
            0.5731400914286098,
            0.5420186844182341,
            0.5130658965710908,
            0.5163990040756252,
            0.5124510849685702,
            0.5193146369483781,
            0.5179244884200496,
            0.5262808202166264
        ]
    ],
    "cf_report": {
        "0": {
            "precision": 0.9313534566699124,
            "recall": 0.9605263157894737,
            "f1-score": 0.9457059069962295,
            "support": 76.0
        },
        "1": {
            "precision": 0.7138920780711826,
            "recall": 0.746031746031746,
            "f1-score": 0.7295673076923077,
            "support": 63.0
        },
        "2": {
            "precision": 0.8151567944250872,
            "recall": 0.8032773109243697,
            "f1-score": 0.8091103507271171,
            "support": 84.4
        },
        "3": {
            "precision": 0.8825396825396824,
            "recall": 0.8298507462686567,
            "f1-score": 0.8553846153846154,
            "support": 67.0
        },
        "accuracy": 0.8381680293873682,
        "macro avg": {
            "precision": 0.8357355029264661,
            "recall": 0.8349215297535615,
            "f1-score": 0.8349420452000675,
            "support": 290.4
        },
        "weighted avg": {
            "precision": 0.8391946754334517,
            "recall": 0.8381680293873682,
            "f1-score": 0.8383164461244521,
            "support": 290.4
        }
    },
    "hloss": 0.16183197061263183,
    "training_time_epoch": [
        35.12329565561735,
        34.39288000265757,
        34.504816097371716,
        35.207952996095024,
        34.79927206039429
    ],
    "mean_training_time_epoch": 34.80564336242719,