{
    "model_name": "HelBERT-uncased-fs-7",
    "train_loss": 0.22543289724587262,
    "train_loss_curve": [
        [
            1.0168460309505463,
            0.6118510416665367,
            0.46208295494178747,
            0.38193959146128775,
            0.32564833678009214,
            0.28724428975876315,
            0.2576360643164594,
            0.22765091316944214,
            0.20829527436485776,
            0.18529698347986162,
            0.1706446748402048,
            0.15517289610090013,
            0.14364836254760555
        ],
        [
            0.9975204008901231,
            0.5906606888415936,
            0.44618965934300536,
            0.37510358489980206,
            0.3207983237160283,
            0.2766471780927974,
            0.24299789753211576,
            0.21587711941694546,
            0.19192807254747044,
            0.1747244277092624,
            0.15485799615978585
        ],
        [
            0.9644929500662278,
            0.5837231917855129,
            0.44623380503834825,
            0.37455826259662056,
            0.3157851925711626,
            0.27785766924183086,
            0.2427433399542313,
            0.2218039498477304,
            0.19799390331315417,
            0.17717200632927346,
            0.16425023189578292,
            0.14753158506991726,
            0.13328780805301488
        ],
        [
            0.9345749866252191,
            0.5550201357229152,
            0.433051399564562,
            0.35868697837169206,
            0.3082272702247061,
            0.2750633534927478,
            0.2411265413812144,
            0.22190988734669148,
            0.19258229548294342,
            0.17604508521426993,
            0.15605904097031262,
            0.14824553691835368,
            0.1327620610170704
        ],
        [
            0.9556045583057626,
            0.5856601227440428,
            0.4461968780199292,
            0.36805272909212056,
            0.32033576239466177,
            0.2763467224284345,
            0.24326695048654992,
            0.2202567615411375,
            0.20120546460547703,
            0.18391249063435647
        ]
    ],
    "val_loss": 0.29983871344076557,
    "val_loss_curve": [
        [
            0.744734004000637,
            0.5173878325758693,
            0.42655528914705615,
            0.3847524642282836,
            0.35273418716529265,
            0.3254341554575574,
            0.312384405573743,
            0.31508262982052343,
            0.3107906129585457,
            0.2964943817372773,
            0.30458033297789744,
            0.2977705719167036,
            0.32998330111693697
        ],
        [
            0.6939353583572067,
            0.47466599680135185,
            0.3992543427674013,
            0.35817388281504686,
            0.33410566345414267,
            0.3197829811529161,
            0.30035574882178107,
            0.2952082831995718,
            0.2953685246033716,
            0.29751167962736685,
            0.3125804779266669
        ],
        [
            0.6781123086949375,
            0.5006872435039449,
            0.43158008342730664,
            0.38604851537079454,
            0.36104131972190934,
            0.3482195779803061,
            0.3534513734994787,
            0.33048158986102266,
            0.3318618714034766,
            0.3234138825090132,
            0.33321915675067804,
            0.32484224716540877,
            0.3307146907307503
        ],
        [
            0.6813103390909802,
            0.524386500922319,
            0.46059513983325423,
            0.429981627551595,
            0.3913648817557667,
            0.4089010903507332,
            0.3583468860385191,
            0.3375082494229705,
            0.3465124832805699,
            0.3270796461544374,
            0.34859026419695155,
            0.33255664430880727,
            0.3581169507918862
        ],
        [
            0.6995743976853718,
            0.5212476113201859,
            0.43323941300753677,
            0.4226040976452772,
            0.3665094742568854,
            0.35662762224935346,
            0.34156820144521716,
            0.3515988205381121,
            0.351869409891916,
            0.3508820925038482
        ]
    ],
    "cf_report": {
        "0": {
            "precision": 0.9574832292389545,
            "recall": 0.9707692307692307,
            "f1-score": 0.9640782662104062,
            "support": 130.0
        },
        "1": {
            "precision": 0.8428467683369645,
            "recall": 0.8027027027027028,
            "f1-score": 0.8212630622444342,
            "support": 74.0
        },
        "2": {
            "precision": 0.8712861415752743,
            "recall": 0.9216000000000001,
            "f1-score": 0.8950191570881227,
            "support": 125.0
        },
        "3": {
            "precision": 0.9079858030168589,
            "recall": 0.8545454545454545,
            "f1-score": 0.880314667658862,
            "support": 99.0
        },
        "accuracy": 0.9004672897196262,
        "macro avg": {
            "precision": 0.894900485542013,
            "recall": 0.8874043470043469,
            "f1-score": 0.8901687883004563,
            "support": 428.0
        },
        "weighted avg": {
            "precision": 0.9010393524616302,
            "recall": 0.9004672897196262,
            "f1-score": 0.8998415606254291,
            "support": 428.0
        }
    },
    "hloss": 0.09953271028037383,
    "training_time_epoch": [
        54.554217517375946,
        55.464654779434206,
        54.4174076517423,
        54.341023087501526,
        55.791502449247574
    ],
    "mean_training_time_epoch": 54.91376109706031,
    "f1_curve": [
        [
            0.737868534174154,
            0.784394724452982,
            0.8310454021634739,
            0.8475148716746393,
            0.8647056094915795,
            0.8879923277972421,
            0.8873972917546885,
            0.8907410266471837,
            0.87665182991089,
            0.8851589334211998,
            0.8844956194499893,
            0.8952009047612371,
            0.8780242805350373
        ],
        [
            0.7404125144197227,
            0.8324790655434651,
            0.8695545801845334,
            0.8751005498669049,
            0.8847008735900179,
            0.8810895493236073,
            0.901001724591477,
            0.891978426944699,
            0.8840896508626707,
            0.8953019471963871,
            0.8955770651834016
        ],
        [
            0.7069959227639988,
            0.8162291338992526,
            0.8223662979187476,
            0.8455350365650194,
            0.8606793303495083,
            0.8589987850187528,
            0.8576881060930289,
            0.869042870774608,
            0.8681096609660707,
            0.8823455080599537,
            0.8639771625602448,
            0.879984976794454,
            0.8807215224448441
        ],
        [
            0.6955694115915256,
            0.7846129606169558,
            0.8063151122740855,
            0.7962106699334224,
            0.8353129054929429,
            0.8238646939085288,
            0.8593724444179848,
            0.8687034338195169,
            0.8617729136506698,
            0.8688585223333687,
            0.852237393127493,
            0.8735976292233292,
            0.866196288767677
        ],
        [
            0.6847380436159843,
            0.798317573007127,
            0.8407608982746042,
            0.8297486524201215,
            0.8541916788471514,
            0.8546713824549523,
            0.8683230537512153,
            0.8623556637553789,
            0.8679811202772175,
            0.8676982480162518
        ]
    ],
    "epochs_per_fold": [
        12,
        10,
        12,
        12,
        9
    ],
    "mean_epochs": 11.0
}