{
    "model_name": "HelBERT-uncased-fs-6",
    "train_loss": 0.0710127411398211,
    "train_loss_curve": [
        [
            1.072024258960973,
            0.6823986671429729,
            0.4919155731323556,
            0.37982640223404796,
            0.3080575229708886,
            0.25226116803861975,
            0.22380038768315488,
            0.18972488568737284,
            0.15857922649683104,
            0.1424542800107286,
            0.12638017569854215,
            0.1118090143649282,
            0.09696957479747928,
            0.08084024822489835,
            0.07740562478991712
        ],
        [
            1.033409717566369,
            0.6474527961916939,
            0.4782396626636335,
            0.3719960080133271,
            0.3110615461168625,
            0.26114318136740283,
            0.223448054016891,
            0.19527137580910167,
            0.17059737135243325,
            0.14914425124119826,
            0.1321157002573532,
            0.11207474128157541,
            0.10061517765479885,
            0.0886256495443464,
            0.07789727951571204,
            0.07228473521036151,
            0.06452353272540655,
            0.056844245520357564
        ],
        [
            1.096306652240327,
            0.6662061373187914,
            0.4663284729615724,
            0.3574699581283884,
            0.2989086586137101,
            0.252732415033882,
            0.21487429989597848,
            0.18404494846060462,
            0.16891432123393127,
            0.14373014070800924,
            0.1323903654581992,
            0.11683460211467728,
            0.105408380634177,
            0.08918653283995509,
            0.08412218239331215
        ],
        [
            1.0566214440819324,
            0.6491791385248354,
            0.4586529379192087,
            0.3573618016215329,
            0.2882094271609054,
            0.24189477229548484,
            0.2063338069046793,
            0.17991829885784344,
            0.15590313918323695,
            0.13368281104947566,
            0.12230416829497762,
            0.0992654862452004,
            0.09518501196773499
        ],
        [
            1.0971785478575533,
            0.6732965232324355,
            0.47525855942382844,
            0.36526899282977343,
            0.3039680985266605,
            0.2526579496748361,
            0.21896529226336642,
            0.18503306354027996,
            0.1635674369990301,
            0.1405071643080332,
            0.12389664443792243,
            0.10686178985203831,
            0.09924945038266454,
            0.08792958530890227,
            0.07425076507641598
        ]
    ],
    "val_loss": 0.24445688221236841,
    "val_loss_curve": [
        [
            0.7937837557433403,
            0.5544860470682791,
            0.43261779905998543,
            0.3738904009279731,
            0.3351024343849045,
            0.2980904964353787,
            0.3254032189166811,
            0.2662158253066854,
            0.2661479015081917,
            0.28592187221391663,
            0.25973843720307804,
            0.25453223397138797,
            0.26582481088961973,
            0.2749674120688275,
            0.2903335887331943
        ],
        [
            0.7927327641885574,
            0.5700594805283089,
            0.4583446777948778,
            0.4017574257179074,
            0.33376873435120874,
            0.3227713734983173,
            0.3096705334490701,
            0.296331515229524,
            0.279499070023582,
            0.24343332592142772,
            0.25020005029613435,
            0.26185424654578715,
            0.23390097622695852,
            0.2258832009432659,
            0.2249874917452211,
            0.23026663311342518,
            0.2391149000430556,
            0.2373201848136912
        ],
        [
            0.8007581417691217,
            0.5249092472742681,
            0.3847425849470374,
            0.32600755463928394,
            0.3054649470603629,
            0.27635381577459917,
            0.2672289324260942,
            0.24812140947284356,
            0.2482000013035148,
            0.24218943460576542,
            0.25131244488596305,
            0.23699137658735558,
            0.2386689559550165,
            0.2558937141167842,
            0.31869710321946404
        ],
        [
            0.8071464785974319,
            0.5758248002153553,
            0.463997816641445,
            0.41278182868271657,
            0.3801770349773132,
            0.36998406726841443,
            0.3531926218739213,
            0.33388437632445805,
            0.33547409806776896,
            0.3259858497137791,
            0.3384661899117294,
            0.33710202466846406,
            0.38759059388802886
        ],
        [
            0.867351133529454,
            0.5937751424435067,
            0.4667095652181808,
            0.3867430808405354,
            0.34073356750791206,
            0.3062899930479184,
            0.30060270205395273,
            0.2856827196027216,
            0.27933480446418263,
            0.25736235244174116,
            0.2606118086929599,
            0.2413415731160506,
            0.261566786503751,
            0.24485421519445844,
            0.2572574271463266
        ]
    ],
    "cf_report": {
        "0": {
            "precision": 0.9591544715447157,
            "recall": 0.963157894736842,
            "f1-score": 0.9608517059267332,
            "support": 76.0
        },
        "1": {
            "precision": 0.8526293995859214,
            "recall": 0.9248015873015873,
            "f1-score": 0.887218045112782,
            "support": 63.8
        },
        "2": {
            "precision": 0.9498734177215191,
            "recall": 0.891764705882353,
            "f1-score": 0.9198965262379895,
            "support": 85.0
        },
        "3": {
            "precision": 0.9475124378109452,
            "recall": 0.9399366802351878,
            "f1-score": 0.9431531584867681,
            "support": 66.2
        },
        "accuracy": 0.9285223367697595,
        "macro avg": {
            "precision": 0.9272924316657752,
            "recall": 0.9299152170389926,
            "f1-score": 0.9277798589410683,
            "support": 291.0
        },
        "weighted avg": {
            "precision": 0.9304255832216866,
            "recall": 0.9285223367697595,
            "f1-score": 0.9286659191252224,
            "support": 291.0
        }
    },
    "hloss": 0.07147766323024055,
    "training_time_epoch": [
        35.908279231616426,
        35.414859631482294,
        35.792480077062336,
        36.260316709677376,
        35.9917688199452
    ],
    "mean_training_time_epoch": 35.87354089395673,