{
    "model_name": "jurisBERT",
    "train_loss": 0.25751548205531133,
    "train_loss_curve": [
        [
            1.2878010873122723,
            1.0219159669073177,
            0.8189888352278581,
            0.6859977135748389,
            0.588542117337181,
            0.525667255417895,
            0.46920047720887814,
            0.4274589763266191,
            0.39337301290117177,
            0.3520754659964457,
            0.33116390135561685,
            0.3078484696518515,
            0.2752640120320253,
            0.2560332854729645,
            0.23669843676842467
        ],
        [
            1.2871269970825039,
            1.0139567582672815,
            0.7898218672197709,
            0.6434831557814608,
            0.5472039503022977,
            0.48311440155703794,
            0.4402390262848118,
            0.39816460429444345,
            0.3601234997222616,
            0.33433411979593364,
            0.3092038461592855,
            0.28853093656067996,
            0.25752205120582017,
            0.24586915880076818,
            0.2334305115165733,
            0.20686169986411468,
            0.1956851602375149,
            0.1888556234247317,
            0.16415432094567523
        ],
        [
            1.245291166289156,
            0.970327343113234,
            0.7752134350362102,
            0.6416585197051367,
            0.5639524252707606,
            0.48932030069869,
            0.44461275658912675,
            0.39940405356668934,
            0.36932447574443833,
            0.33853777233011945,
            0.31090105167522875,
            0.2850826921747978,
            0.2638994377759314
        ],
        [
            1.258585692885815,
            0.9511672377432745,
            0.7564704184679641,
            0.629554672006684,
            0.5462596592880606,
            0.4867345372477348,
            0.44308161137695984,
            0.39640346300368967,
            0.36337532109462517,
            0.3355923032266475,
            0.3041378632443877,
            0.28781533133097736,
            0.2610774091988981,
            0.24307232630467906,
            0.2126917790659924,
            0.20040394806005446,
            0.1779343125024727,
            0.17078778961964616,
            0.15436476930860699
        ],
        [
            1.2624889886666,
            0.9722412036046949,
            0.7694751765207737,
            0.6310810263163036,
            0.546168160525589,
            0.472230749441586,
            0.42363773291463297,
            0.3815241356498699,
            0.34049625182684345,
            0.31922743436512363,
            0.29187955572893937,
            0.26894363081498757,
            0.23576146706017023
        ]
    ],
    "val_loss": 0.46277566584311935,
    "val_loss_curve": [
        [
            1.1425148689583555,
            0.9446796734039098,
            0.8276173035575919,
            0.6866787363813348,
            0.6168078402542088,
            0.5760346555138287,
            0.5593194799778396,
            0.5542094770257604,
            0.5083776654241836,
            0.4972849403546281,
            0.5362859073873252,
            0.45755723167261847,
            0.49953469552405894,
            0.49056337277519785,
            0.4611861806056679
        ],
        [
            1.1720302905121895,
            0.9430093532555723,
            0.7846738116381919,
            0.6867294937168082,
            0.6348035202859199,
            0.6192959528671552,
            0.5786389050214258,
            0.5669858859316127,
            0.5750444655446973,
            0.5582693548847552,
            0.5268493645046264,
            0.5233690528939031,
            0.5111891673239943,
            0.52518892027948,
            0.48416542687950886,
            0.4720422532026694,
            0.4861250795640868,
            0.5191310251718515,
            0.4836440174393866
        ],
        [
            1.083370568001107,
            0.8343485781591232,
            0.6703724252851042,
            0.5922742851384698,
            0.5607388793197396,
            0.48401334320437417,
            0.47267129027271926,
            0.4408311838768933,
            0.5317692577022396,
            0.42796654254198074,
            0.4647850212832428,
            0.43251547089790643,
            0.4914641847757444
        ],
        [
            1.0948111308764106,
            0.8678783868273644,
            0.7362078827333777,
            0.7103756516661546,
            0.6239469599693197,
            0.5844058621011369,
            0.5514299599326229,
            0.5451215408130051,
            0.5099687217798543,
            0.5252237823115636,
            0.4995832270751261,
            0.49448224139233976,
            0.4820372511900655,
            0.4616530803478744,
            0.47957870154960514,
            0.4601180603447026,
            0.47456220011800937,
            0.49327342430040344,
            0.5232339564404668
        ],
        [
            1.1287578393335211,
            0.8977922258311755,
            0.7602450531231214,
            0.7153997166107778,
            0.6420446053555567,
            0.5915172363389029,
            0.579486398358051,
            0.5524045229978758,
            0.57961869086713,
            0.5169648367286442,
            0.5310495649145482,
            0.5823604909524526,
            0.5367496299289473
        ]
    ],
    "cf_report": {
        "0": {
            "precision": 0.9292077922077923,
            "recall": 0.9263157894736842,
            "f1-score": 0.9274885505504905,
            "support": 76.0
        },
        "1": {
            "precision": 0.7642127451760524,
            "recall": 0.7245039682539682,
            "f1-score": 0.7394452641577672,
            "support": 63.2
        },
        "2": {
            "precision": 0.8147027370328341,
            "recall": 0.8249579831932772,
            "f1-score": 0.8164152983352467,
            "support": 84.4
        },
        "3": {
            "precision": 0.8366107137644139,
            "recall": 0.8501130710085933,
            "f1-score": 0.8422329618019273,
            "support": 66.8
        },
        "accuracy": 0.8354283682900817,
        "macro avg": {
            "precision": 0.8361834970452732,
            "recall": 0.8314727029823809,
            "f1-score": 0.8313955187113578,
            "support": 290.4
        },
        "weighted avg": {
            "precision": 0.8387803621708405,
            "recall": 0.8354283682900817,
            "f1-score": 0.8347132515303812,
            "support": 290.4
        }
    },
    "hloss": 0.16457163170991823,
    "training_time_epoch": [
        36.04937900815691,
        35.478756772147285,
        36.49225368102392,
        35.58188774850633,
        36.553731183211006
    ],
    "mean_training_time_epoch": 36.03120167860909,