{
    "model_name": "BERTimbau",
    "train_loss": 0.22847533237934753,
    "train_loss_curve": [
        [
            1.3021682455777304,
            1.0860861005242337,
            0.8978876077227577,
            0.7683358666618255,
            0.6810199661097166,
            0.607445409259026,
            0.5431072524271879,
            0.50809652688577,
            0.46647732949390036,
            0.42307560258509774,
            0.40012048557400703,
            0.3727140688878257,
            0.3583681850991759,
            0.3288201782660386,
            0.31256288778728125,
            0.2849128791531132,
            0.2763971146804207,
            0.27703917551068813,
            0.2527962614497317,
            0.23484333456874765,
            0.22847533237934753,
            0.21134629982677242,
            0.18828880753771393,
            0.19487554812483823
        ],
        [
            1.326801988472234,
            1.1523043228588563,
            0.9479483794100916,
            0.7765489230860549,
            0.6523997208865238,
            0.5856544485002039,
            0.5324422768045127,
            0.4812538962222354,
            0.45291786361805764,
            0.4039637482632272,
            0.375295547224402,
            0.35596743238532974,
            0.3396796468978178,
            0.32284853392187823,
            0.2891600144854219,
            0.3029936152315119
        ],
        [
            1.3159680849907733,
            1.1100367479717608,
            0.9026547540299261,
            0.7643074625750997,
            0.6637193656356883,
            0.5898908531594113,
            0.5262415657184788,
            0.4773861253026015,
            0.44626960859880416,
            0.4134568000193109,
            0.3903305729358262,
            0.359502251384799,
            0.3325078668220039,
            0.32312887192694184
        ],
        [
            1.3268183596765053,
            1.115298169789855,
            0.9255387214655729,
            0.7839614930738699,
            0.6837268405661141,
            0.6072825202110297,
            0.5516807665325112,
            0.4982350894803649,
            0.466322788411809,
            0.4185487265183344,
            0.40273645950346876,
            0.36509144920663733,
            0.3569103098919302
        ],
        [
            1.2878454645065098,
            1.050992772136767,
            0.8733541085240767,
            0.7452625714216855,
            0.6518719745767895,
            0.5794944906562465,
            0.5227420510295331,
            0.47558396839603934,
            0.4380744276536289,
            0.41137113308220385,
            0.3758433423936367,
            0.3497841530719522,
            0.3301101287193212,
            0.3067434655143991,
            0.2965301827133931,
            0.2710839105398743,
            0.26246007821199413,
            0.23992078731162952
        ]
    ],
    "val_loss": 0.3794216732494533,
    "val_loss_curve": [
        [
            1.1719731345568618,
            0.9659565895387571,
            0.8135934933407666,
            0.7223190806091648,
            0.6484989646362932,
            0.6125498017015523,
            0.549933792181211,
            0.5157301514218114,
            0.4746524443569249,
            0.47187715130921914,
            0.4508931545974457,
            0.4240593967627581,
            0.4238969669358371,
            0.4674411303784749,
            0.4083472525522317,
            0.43360891236528143,
            0.40642701079175897,
            0.3981577581024333,
            0.4327912896948114,
            0.4024804804397568,
            0.3794216732494533,
            0.4290130551751346,
            0.4208114248037032,
            0.42680332349128514
        ],
        [
            1.2561050065576214,
            1.0716953959367046,
            0.8868231924429332,
            0.7679657907518622,
            0.6827254448443243,
            0.6048967946473867,
            0.5665117553754212,
            0.5502916223382297,
            0.5146368149514884,
            0.48701600128248945,
            0.4909799417914593,
            0.5559348893696314,
            0.45652091970080383,
            0.4626189894872169,
            0.47884500348200537,
            0.48963636071867733
        ],
        [
            1.2177972671103805,
            1.0154095087965873,
            0.8578314242297655,
            0.7713152862166706,
            0.6887209818073331,
            0.6632134207103351,
            0.6064312043663573,
            0.5670963488008878,
            0.5893274137928878,
            0.5471981541342932,
            0.5236413169601192,
            0.5571353086047129,
            0.5449663815024781,
            0.5476665002332158
        ],
        [
            1.207050967706393,
            0.994759298350713,
            0.854956153525065,
            0.720304835332583,
            0.6438053397283162,
            0.6034611093058978,
            0.5521874048632301,
            0.504007729765487,
            0.484515772596614,
            0.46630139138600596,
            0.4720533666749523,
            0.5170519381302269,
            0.47407001399830595
        ],
        [
            1.1753136066541279,
            0.978140310065387,
            0.8401308851699306,
            0.7607701439155291,
            0.7296622644548547,
            0.6521713051893939,
            0.6014409058102189,
            0.5862286615963668,
            0.5711247186138205,
            0.5495282338090139,
            0.5533386644180098,
            0.5091023970242232,
            0.5222781171945676,
            0.5017523051124729,
            0.4987402337360872,
            0.5071737011703216,
            0.5023872942650971,
            0.5247880289528825
        ]
    ],
    "cf_report": {
        "0": {
            "precision": 0.8641975308641975,
            "recall": 0.9210526315789472,
            "f1-score": 0.89171974522293,
            "support": 76.0
        },
        "1": {
            "precision": 0.8225806451612904,
            "recall": 0.8095238095238095,
            "f1-score": 0.8160000000000001,
            "support": 63.0
        },
        "2": {
            "precision": 0.8452380952380952,
            "recall": 0.8352941176470589,
            "f1-score": 0.8402366863905326,
            "support": 85.0
        },
        "3": {
            "precision": 0.84375,
            "recall": 0.8059701492537312,
            "f1-score": 0.8244274809160304,
            "support": 67.0
        },
        "accuracy": 0.845360824742268,
        "macro avg": {
            "precision": 0.8439415678158959,
            "recall": 0.8429601770008868,
            "f1-score": 0.8430959781323732,
            "support": 291.0
        },
        "weighted avg": {
            "precision": 0.8449418594023312,
            "recall": 0.845360824742268,
            "f1-score": 0.8447953958814844,
            "support": 291.0
        }
    },
    "hloss": 0.15463917525773196,
    "training_time_epoch": [
        35.16499980636265,
        36.00530926386515,
        36.17776801035954,
        36.4910082022349,
        35.577727163539215
    ],
    "mean_training_time_epoch": 35.883362489272294,