{
    "model_name": "HelBERT-uncased-fs-6",
    "train_loss": 0.18269032469263005,
    "train_loss_curve": [
        [
            0.9519644800538771,
            0.5463121686583368,
            0.40014829900916493,
            0.31870808212995577,
            0.26527978951670667,
            0.2337259671642123,
            0.20867656413726857,
            0.18269032469263005,
            0.1666663995528894,
            0.15244270495093368,
            0.1346970052789776
        ],
        [
            0.9560646171046194,
            0.5168438736418975,
            0.3664301424069661,
            0.2966433966131968,
            0.24862629140587958,
            0.20961421997194987,
            0.18503113567913995,
            0.16131567750909478,
            0.14903654985235368,
            0.13540021681322534
        ],
        [
            0.9814738781652718,
            0.5407454006626297,
            0.387626986241264,
            0.3147339154530978,
            0.25696891887226603,
            0.2297959033613067,
            0.20123956616310767,
            0.17926547237047402,
            0.1578587563142668,
            0.14108613046499788
        ],
        [
            0.9517279939255981,
            0.5145859152043812,
            0.37666288122238817,
            0.30438052602199334,
            0.25875711196241463,
            0.22449131824389518,
            0.19808765829575606,
            0.18054665882895465,
            0.16217088132387322,
            0.14888217070881957,
            0.128937122228699,
            0.11351495355565676,
            0.11028650862033693,
            0.09493449876339514
        ],
        [
            0.9647811015493402,
            0.5296053978588398,
            0.3869388746097684,
            0.31009029567450563,
            0.26040870038070063,
            0.22943452049577695,
            0.19816039605871297,
            0.1835293301166836,
            0.16209950891054653,
            0.1466081667412399,
            0.13503970962320236,
            0.11640548724006583,
            0.10359144332915518
        ]
    ],
    "val_loss": 0.25074778270916404,
    "val_loss_curve": [
        [
            0.6552303905868642,
            0.4416527723736852,
            0.3542826881579985,
            0.3149691543097947,
            0.28921105854961776,
            0.26516085077146784,
            0.2690447851053709,
            0.25074778270916404,
            0.2760955131673646,
            0.25403217639269254,
            0.25659739970508094
        ],
        [
            0.6445289357243297,
            0.4407942710775081,
            0.3673217926069955,
            0.3518094157834894,
            0.31119673318777963,
            0.334095429707423,
            0.3051420447338268,
            0.3194080712534835,
            0.3052643645200095,
            0.3159200674843339
        ],
        [
            0.6696233197907421,
            0.45872374853798165,
            0.37378483192525175,
            0.3247980194114079,
            0.31345443985485866,
            0.3179135321722166,
            0.2784218193688996,
            0.2842378095140524,
            0.2796947602650464,
            0.2920051607445849
        ],
        [
            0.6366230688083951,
            0.45038832438604853,
            0.3843584623640386,
            0.3563712637384083,
            0.3345520380518843,
            0.32948013323698644,
            0.3217716261909874,
            0.3169299473041651,
            0.33022129904940095,
            0.3185065437138742,
            0.3159755649889393,
            0.32633446974497043,
            0.3245647789205416,
            0.3470156582112633
        ],
        [
            0.6443356519269052,
            0.4320042711969848,
            0.34614452333233064,
            0.3087071874483584,
            0.3146456586388506,
            0.2701319971461302,
            0.33300886416772957,
            0.25646072987762986,
            0.27094408580228235,
            0.24499517925101044,
            0.26578278326381555,
            0.26240609400191944,
            0.29739118597870606
        ]
    ],
    "cf_report": {
        "0": {
            "precision": 0.9461538461538461,
            "recall": 0.9461538461538461,
            "f1-score": 0.9461538461538461,
            "support": 130.0
        },
        "1": {
            "precision": 0.888888888888889,
            "recall": 0.8648648648648649,
            "f1-score": 0.8767123287671232,
            "support": 74.0
        },
        "2": {
            "precision": 0.8863636363636364,
            "recall": 0.9360000000000002,
            "f1-score": 0.9105058365758756,
            "support": 125.0
        },
        "3": {
            "precision": 0.9361702127659575,
            "recall": 0.888888888888889,
            "f1-score": 0.9119170984455959,
            "support": 99.0
        },
        "accuracy": 0.9158878504672897,
        "macro avg": {
            "precision": 0.9143941460430822,
            "recall": 0.9089768999768999,
            "f1-score": 0.9113222774856101,
            "support": 428.0
        },
        "weighted avg": {
            "precision": 0.9164815032407994,
            "recall": 0.9158878504672897,
            "f1-score": 0.9158171370253869,
            "support": 428.0
        }
    },
    "hloss": 0.08411214953271028,
    "training_time_epoch": [
        55.213846278190616,
        55.80306217405531,
        55.807640631993614,
        54.166632707302384,
        54.33963751792908
    ],
    "mean_training_time_epoch": 55.066163861894196,
    "f1_curve": [
        [
            0.7693871306172407,
            0.8447740234745588,
            0.8775601342882171,
            0.8921018239776956,
            0.899212539595518,
            0.9040899634104367,
            0.8995040478251057,
            0.9158171370253869,
            0.8991915556986012,
            0.9087906542686593,
            0.8992691230932925
        ],
        [
            0.8091595111728008,
            0.8500984290859004,
            0.8548117144541096,
            0.8759973903317758,
            0.8953431040830299,
            0.8772568074874827,
            0.883901800076616,
            0.9028954180668094,
            0.8985869720374038,
            0.8955431855802024
        ],
        [
            0.7687767002480265,
            0.8571135775963762,
            0.8681518604891556,
            0.8734607279989597,
            0.8800630796603556,
            0.8822830024447401,
            0.9059212582993047,
            0.8900518998970965,
            0.908211792030407,
            0.895003055891758
        ],
        [
            0.7890752006917604,
            0.8248821486663428,
            0.8595410051803839,
            0.8638179818821229,
            0.8710778300291995,
            0.8751726311718995,
            0.8762139896919652,
            0.873777576205651,
            0.8750893991670382,
            0.885344221052875,
            0.8869481349353869,
            0.8800694022227679,
            0.8774148715306579,
            0.8792239224558482
        ],
        [
            0.7325539669133544,
            0.8450261504282883,
            0.8704973840056032,
            0.8708269528686416,
            0.8677586642240461,
            0.901098640608215,
            0.8605203615918223,
            0.906553768893233,
            0.8977606936814163,
            0.9057345668464842,
            0.8979368418444457,
            0.9043545314300584,
            0.8911129260541412
        ]
    ],
    "epochs_per_fold": [
        10,
        9,
        9,
        13,
        12
    ],
    "mean_epochs": 10.6
}