{
    "model_name": "BERTimbau",
    "train_loss": 0.24597193322201027,
    "train_loss_curve": [
        [
            1.1984242335936734,
            0.8322721953703979,
            0.6001927366602087,
            0.49801589522475953,
            0.43331365091900265,
            0.3870913668309347,
            0.34795232229021805,
            0.3341782140256141,
            0.29662014989217167,
            0.2847002222241886,
            0.27289495854986673,
            0.24675788291268677,
            0.2282491563264472,
            0.21668743276283162
        ],
        [
            1.2251026290599432,
            0.8605142210340389,
            0.6256293287135173,
            0.5122710341048018,
            0.4482904877165489,
            0.3954694517104773,
            0.36021574355540015,
            0.32190602925109946,
            0.30573338587555127,
            0.28556470654547983,
            0.26360197732155427,
            0.25362788389489127,
            0.22999667385745376,
            0.21535436917644726,
            0.21749244246710198,
            0.19198688843410472
        ],
        [
            1.1984170866764594,
            0.8218301602891672,
            0.6242342851011553,
            0.5050878076091687,
            0.4332051719495348,
            0.3997361497065731,
            0.3516851078792884,
            0.3235324952342312,
            0.29598690780036363,
            0.2730151727778193,
            0.2613726891055007,
            0.2451679852185118,
            0.23450758332325686,
            0.21977379880181871,
            0.20686976267481832,
            0.19881678479326514
        ],
        [
            1.2083218979222752,
            0.8444915735902631,
            0.6239025975081408,
            0.5257952160193263,
            0.4530634382896334,
            0.40990872591490224,
            0.3631308456038551,
            0.33825917392925614,
            0.3190044970599778,
            0.2909893037525014,
            0.27702354840177035,
            0.25257899170027714,
            0.2492458621490416,
            0.2344526102364925,
            0.21606608213765424,
            0.21089451109487825
        ],
        [
            1.2013846133774686,
            0.838023095348171,
            0.6150356132154152,
            0.5035912978210461,
            0.4523474492228407,
            0.3994651749451584,
            0.36281977907676144,
            0.3396036262965596,
            0.32440931314959354,
            0.3011547732667423,
            0.2783476952311069,
            0.2559785348674387,
            0.2460733544343656,
            0.2413232179302026
        ]
    ],
    "val_loss": 0.3512851016891894,
    "val_loss_curve": [
        [
            1.0297907546301868,
            0.7356257913547142,
            0.6326270426545187,
            0.49703392591849666,
            0.45496969790606995,
            0.513496100288929,
            0.40661868289391573,
            0.4093053834773948,
            0.43420615532896784,
            0.371054584691388,
            0.35345411263232196,
            0.3592280212389392,
            0.36767615292386685,
            0.3930220748689548
        ],
        [
            1.0272583170471905,
            0.7389194408309794,
            0.5691483712224202,
            0.5061597044919138,
            0.45666112225050126,
            0.47232884720455265,
            0.4602719357097957,
            0.40101925175741454,
            0.40399564108071484,
            0.3689504310806395,
            0.36682048569668396,
            0.45036011722774427,
            0.3577440861029394,
            0.3597971741806402,
            0.36021762351052855,
            0.41322270238545733
        ],
        [
            0.9838479370157295,
            0.6747104929429348,
            0.5659451697752854,
            0.4987113436979947,
            0.4517629877968787,
            0.4091565283450568,
            0.39454568241870847,
            0.39766350332821643,
            0.35845363686714216,
            0.3867614943551544,
            0.3428439106705172,
            0.45130620729700427,
            0.34128285559312066,
            0.36652702188215036,
            0.38537677899699346,
            0.3677283089921296
        ],
        [
            1.0016399496626631,
            0.6794606522421971,
            0.5682995884775002,
            0.4776729530193538,
            0.4981790513287638,
            0.4211780935108105,
            0.3751110506035109,
            0.3879729097308678,
            0.3567654570982417,
            0.3612755707021211,
            0.3525637603303957,
            0.37634091591462493,
            0.34585010697281804,
            0.3553781432543542,
            0.3498257905088156,
            0.41900575278755536
        ],
        [
            1.0046777340853326,
            0.6867494060892925,
            0.5721366869233478,
            0.4753777490249861,
            0.42799516363400164,
            0.3777119131567322,
            0.3580334397885844,
            0.3332583674133938,
            0.334679167073603,
            0.3537902051461077,
            0.30594115137888517,
            0.35504042211415193,
            0.32564182823010346,
            0.3189129759949223
        ]
    ],
    "cf_report": {
        "0": {
            "precision": 0.9327340569877884,
            "recall": 0.9661538461538461,
            "f1-score": 0.9488849322331241,
            "support": 130.0
        },
        "1": {
            "precision": 0.8188235294117646,
            "recall": 0.8108108108108109,
            "f1-score": 0.8135098740873868,
            "support": 74.0
        },
        "2": {
            "precision": 0.8926644366822568,
            "recall": 0.8848,
            "f1-score": 0.8883256868638927,
            "support": 125.0
        },
        "3": {
            "precision": 0.8744149720654157,
            "recall": 0.8455988455988456,
            "f1-score": 0.8591671391671392,
            "support": 98.4
        },
        "accuracy": 0.8876994462562104,
        "macro avg": {
            "precision": 0.8796592487868062,
            "recall": 0.8768408756408756,
            "f1-score": 0.8774719080878859,
            "support": 427.4
        },
        "weighted avg": {
            "precision": 0.8878847624850081,
            "recall": 0.8876994462562104,
            "f1-score": 0.887083014213982,
            "support": 427.4
        }
    },
    "hloss": 0.11230055374378953,
    "training_time_epoch": [
        54.24950297062214,
        53.786146052678426,
        53.77431082725525,
        53.71723456382752,
        54.246560738636894
    ],
    "mean_training_time_epoch": 53.954751030604044,