{
    "model_name": "jurisBERT",
    "train_loss": 0.23304102669478716,
    "train_loss_curve": [
        [
            1.1660124065580768,
            0.8017117768595708,
            0.6421300415645972,
            0.5449272916678374,
            0.48424891739752945,
            0.44377042671717776,
            0.40331935332478763,
            0.36259266709316973,
            0.3377123926722697,
            0.31376686701377,
            0.28911429679317174,
            0.26580662598776866,
            0.23948393796274664,
            0.23304102669478716,
            0.2084001306385655,
            0.19776512988436115,
            0.17553218084585495
        ],
        [
            1.1428780200603967,
            0.7996963898990755,
            0.6444685350859833,
            0.5566706343893414,
            0.4966150544829684,
            0.44556218316064816,
            0.41999068736995215,
            0.3724477416944525,
            0.34828734936227446,
            0.3204389781142785,
            0.29325019282280146,
            0.2753333998093312,
            0.251099264353653
        ],
        [
            1.1756015062749943,
            0.8170983585938115,
            0.645518736095629,
            0.5496646082638023,
            0.49070181733293233,
            0.4482166027850428,
            0.4072077381903323,
            0.3820943951728606,
            0.35482536916943075,
            0.3210460486142922,
            0.3054558944596831,
            0.2777715185472185,
            0.26251408309788904,
            0.23183346969928487,
            0.2234082905924879
        ],
        [
            1.1346897615868354,
            0.8143608918605006,
            0.652988246494086,
            0.5598467707842867,
            0.4957448643649641,
            0.45393935844267363,
            0.41975325383420026,
            0.37588426030771893,
            0.35186192917715864,
            0.3297214193300074,
            0.3003537013047488,
            0.27688958759204196,
            0.26176505986814363,
            0.24547384871021957,
            0.21839606413556803,
            0.20614052751802223,
            0.19182522185679926,
            0.1835519660881146,
            0.16059433595820277,
            0.1452273876805002,
            0.13596785368499015
        ],
        [
            1.166673922441273,
            0.8302156868973903,
            0.6588389217705579,
            0.5593177793660662,
            0.4976836770041802,
            0.43957704745198245,
            0.40240130687097664,
            0.367443051395903,
            0.34635487651435015,
            0.3185255552541952,
            0.29724737711981913,
            0.2678999461094353,
            0.2653557838459725,
            0.23806968525543845,
            0.2229416295679321,
            0.21122897667244564,
            0.18492697426183236,
            0.1769617395279668
        ]
    ],
    "val_loss": 0.43628535011487307,
    "val_loss_curve": [
        [
            0.9358379916052952,
            0.7152271169089826,
            0.6378687909830396,
            0.5652240023504351,
            0.5344752534945435,
            0.5043923811308134,
            0.4890466281604544,
            0.4844849596374503,
            0.4596886614633498,
            0.45562821670618153,
            0.44644672608995273,
            0.4495850400215833,
            0.44161862201953883,
            0.43628535011487307,
            0.46339014806636725,
            0.44768483584711904,
            0.44201038967356715
        ],
        [
            0.9235660302861829,
            0.6926820375651956,
            0.6101394930732584,
            0.5295132440732462,
            0.5159190598109337,
            0.4758158300820494,
            0.47465316282811565,
            0.44434874369023003,
            0.47801798037209803,
            0.41618733527574026,
            0.4273492509029179,
            0.426769519890615,
            0.41679580614980416
        ],
        [
            0.9579958464497718,
            0.7419635879102154,
            0.6403195625432184,
            0.5861480630864607,
            0.526867695431286,
            0.5092917930891859,
            0.47199674022044535,
            0.49074036290294654,
            0.4593556661715853,
            0.45388235479036226,
            0.4418903156749417,
            0.4322798761896023,
            0.43744397830548826,
            0.45507035441870725,
            0.4350586161278536
        ],
        [
            0.9449125533906099,
            0.7267605094152076,
            0.6322331418083093,
            0.5833826042433209,
            0.534837456245985,
            0.5177312297311342,
            0.4920448419228892,
            0.4735518493559037,
            0.4690886543384779,
            0.4579214712726736,
            0.484570726099485,
            0.4650708110741923,
            0.4531772329828867,
            0.4551312732945466,
            0.46228869762228125,
            0.4458505861008557,
            0.4529919621891507,
            0.43813820589533964,
            0.45031607624961534,
            0.4790675359273277,
            0.48479417239307104
        ],
        [
            0.9537167189834274,
            0.716493755021942,
            0.6394307346683796,
            0.5489193560364091,
            0.5218588642984907,
            0.48373329789142744,
            0.48378727703450997,
            0.45548602040404473,
            0.46224313441698794,
            0.46897302923079964,
            0.45176637158772653,
            0.42976913852704185,
            0.43168766147709475,
            0.44509727603573107,
            0.42505907672500914,
            0.4270141656536644,
            0.4366609290651281,
            0.4619534839875996
        ]
    ],
    "cf_report": {
        "0": {
            "precision": 0.9379844961240311,
            "recall": 0.9307692307692308,
            "f1-score": 0.9343629343629342,
            "support": 130.0
        },
        "1": {
            "precision": 0.8235294117647058,
            "recall": 0.7567567567567568,
            "f1-score": 0.7887323943661971,
            "support": 74.0
        },
        "2": {
            "precision": 0.8208955223880597,
            "recall": 0.8800000000000001,
            "f1-score": 0.8494208494208493,
            "support": 125.0
        },
        "3": {
            "precision": 0.8659793814432991,
            "recall": 0.8484848484848484,
            "f1-score": 0.8571428571428571,
            "support": 99.0
        },
        "accuracy": 0.866822429906542,
        "macro avg": {
            "precision": 0.8620972029300239,
            "recall": 0.854002709002709,
            "f1-score": 0.8574147588232094,
            "support": 428.0
        },
        "weighted avg": {
            "precision": 0.8673435981965103,
            "recall": 0.866822429906542,
            "f1-score": 0.8665143170210958,
            "support": 428.0
        }
    },
    "hloss": 0.13317757009345793,
    "training_time_epoch": [
        53.671570152044296,
        54.690994461377464,
        54.05290848868234,
        53.046713697910306,
        53.336821387795844
    ],
    "mean_training_time_epoch": 53.759801637562056,