{
    "model_name": "HelBERT-uncased-fs-14",
    "train_loss": 0.15834053081022925,
    "train_loss_curve": [
        [
            1.0148570663600325,
            0.6475167548649501,
            0.5062292740097113,
            0.4153261065883475,
            0.3570003513873459,
            0.3111022272229926,
            0.2737516487369784,
            0.2536290267963293,
            0.225053426629002,
            0.21160702317981397,
            0.19261731119515269,
            0.17638943418718997,
            0.16843907388468995,
            0.15996203698037262,
            0.1370401488204713,
            0.12900943220682795,
            0.12874157834367253
        ],
        [
            1.0353525237780865,
            0.6513753976046204,
            0.5024986722480471,
            0.41346332477840864,
            0.35729518403281746,
            0.31237204982159295,
            0.27231305887243734,
            0.2536927594587851,
            0.22149120777014156,
            0.20507473352791689,
            0.18457573791965842,
            0.16870935385906416,
            0.15288832766399937,
            0.14470260130528745,
            0.13201835019041774,
            0.1150509947913625
        ],
        [
            1.033250320911686,
            0.6811365563875047,
            0.5289251924118149,
            0.42004967250678443,
            0.3651466255367812,
            0.3271103022667954,
            0.28678220335968607,
            0.25417693266666835,
            0.22987222473058744,
            0.20978553071520162,
            0.19700855852233107,
            0.1819099822499415,
            0.1625790499845981,
            0.14840799253368664
        ],
        [
            1.0137433636689854,
            0.642363710442088,
            0.4880536191043592,
            0.40449913109818075,
            0.345239919697361,
            0.30333132646590577,
            0.27443589186121786,
            0.24111485573197672,
            0.220700483147934,
            0.2051985871844281,
            0.18912553095648274,
            0.17792637570691514,
            0.1658785071596068,
            0.15188792452749808,
            0.13778822779520544
        ],
        [
            1.0200439538354071,
            0.6463048642100854,
            0.5049520642279046,
            0.4162762830007786,
            0.36291187895009314,
            0.3193239322188963,
            0.2889552247747518,
            0.26263320587018385,
            0.23831933230992894,
            0.22007607952237376,
            0.19599752223867678,
            0.18311948587717575,
            0.17148968291351416,
            0.16081372685850137
        ]
    ],
    "val_loss": 0.32007187789645497,
    "val_loss_curve": [
        [
            0.7670119712564433,
            0.5802241934933395,
            0.473417629914306,
            0.4164445616270059,
            0.38187828705271826,
            0.37819208716538466,
            0.34142880972962236,
            0.32578364376274643,
            0.31335362259333377,
            0.32266859713045304,
            0.305024835115699,
            0.3327236599288881,
            0.31039990630070463,
            0.30095486443437564,
            0.31465698477690257,
            0.3121745918853487,
            0.3269739665714458
        ],
        [
            0.7792388476501001,
            0.5633602008641323,
            0.472293389700005,
            0.4230001451116856,
            0.3691442422568798,
            0.3535188046049013,
            0.3545486390695115,
            0.3403565029953128,
            0.3355246623455782,
            0.36975235405386747,
            0.3315765507221135,
            0.35447154220446037,
            0.32296336228985373,
            0.42509801024527544,
            0.3600335684909581,
            0.40028101743294675
        ],
        [
            0.8219918732609705,
            0.6047717073810435,
            0.5161256466722377,
            0.4665423805398919,
            0.42715257387956446,
            0.4111642719411822,
            0.38987138494849205,
            0.39394412725885336,
            0.3716288149736552,
            0.3989048565946798,
            0.3707301454340047,
            0.37753914871631694,
            0.4108836277563203,
            0.397770143355021
        ],
        [
            0.7511162851179871,
            0.5406072376487411,
            0.45000129398480754,
            0.421673424750845,
            0.3961786954515727,
            0.381259279064486,
            0.36604158946739457,
            0.36208985213660333,
            0.4012182895398794,
            0.35748579679057,
            0.3593638921809322,
            0.34942637110851427,
            0.36095174461294177,
            0.36588291028758213,
            0.38283941071920063
        ],
        [
            0.7423354920661338,
            0.5609194237355873,
            0.47020771591184296,
            0.41446579693355295,
            0.38832120785367824,
            0.34969328831289415,
            0.34437840361426647,
            0.34244426439960146,
            0.33911439889136735,
            0.3209630910472544,
            0.31681231783581115,
            0.3252564509242564,
            0.34501614868118663,
            0.3274793155517464
        ]
    ],
    "cf_report": {
        "0": {
            "precision": 0.9780465116279069,
            "recall": 0.9630769230769232,
            "f1-score": 0.9704686903045315,
            "support": 130.0
        },
        "1": {
            "precision": 0.8730027735018681,
            "recall": 0.8054054054054054,
            "f1-score": 0.8372484283515312,
            "support": 74.0
        },
        "2": {
            "precision": 0.8527100228245665,
            "recall": 0.9006064516129033,
            "f1-score": 0.8759841949488372,
            "support": 124.8
        },
        "3": {
            "precision": 0.91489651416122,
            "recall": 0.9191919191919192,
            "f1-score": 0.9165255106851472,
            "support": 99.0
        },
        "accuracy": 0.907435050012038,
        "macro avg": {
            "precision": 0.9046639555288903,
            "recall": 0.8970701748217877,
            "f1-score": 0.9000567060725118,
            "support": 427.8
        },
        "weighted avg": {
            "precision": 0.9087041726460002,
            "recall": 0.907435050012038,
            "f1-score": 0.9073857701014575,
            "support": 427.8
        }
    },
    "hloss": 0.09256494998796208,
    "training_time_epoch": [
        53.26742209494114,
        53.53775200843811,
        53.989948125985954,
        53.71602191243853,
        54.16365867394667
    ],
    "mean_training_time_epoch": 53.73496056315008,