{
    "model_name": "BERTimbau",
    "train_loss": 0.3836640508211765,
    "train_loss_curve": [
        [
            1.3211311521808715,
            1.1488854606536656,
            0.9531047064618966,
            0.7847072194327194,
            0.6588468003211562,
            0.5946707393193164,
            0.5269014122943902,
            0.4846445589335923,
            0.4393242655059521,
            0.409730127689355,
            0.3836640508211765,
            0.3414044649567442,
            0.3437316785902553,
            0.3159824808758661
        ],
        [
            1.2981169242219828,
            1.0844481458368989,
            0.873507863569915,
            0.7318875653944474,
            0.6234629636828842,
            0.5577373010165593,
            0.49564547259424563,
            0.4593443636081575,
            0.4279548062325241,
            0.387904050622353,
            0.36034724064478557,
            0.3360524747514284,
            0.3184575085685016,
            0.2973124216633922,
            0.2764332481144681,
            0.2625363697721927
        ],
        [
            1.3210814066768921,
            1.0826288456564506,
            0.8720239370139604,
            0.7418248271921656,
            0.6330008485268072,
            0.5648424015140411,
            0.5127100917123437,
            0.47032187442548085,
            0.41822975652477995,
            0.38738122261113317,
            0.3572438363101065,
            0.3335240279033114,
            0.31380869330409467,
            0.2879913959898618,
            0.2787069484537077,
            0.2565773753801367,
            0.24006046997415242,
            0.22810638552576407
        ],
        [
            1.29776374437555,
            1.1008898718250577,
            0.900839921842326,
            0.7553635368130052,
            0.6646350205354264,
            0.5775621859836824,
            0.5455525049178052,
            0.48351866938813853,
            0.4490607846080233,
            0.4161121208361539,
            0.3982573450955841,
            0.36548210329078523,
            0.34637986204212473,
            0.31471609312695326,
            0.29473260164107246,
            0.2709693923365338,
            0.26527012184684734,
            0.26035430938440707,
            0.24053539224673076,
            0.22095607575093143,
            0.20142751520249955,
            0.20993897406531567
        ],
        [
            1.3263151485895373,
            1.1184355307280813,
            0.9144344353389084,
            0.7628377573084586,
            0.6519304124247987,
            0.5656813038609076,
            0.5188003909802928,
            0.4673589740934241,
            0.4245297550463799,
            0.403479715626802,
            0.3786645483392006,
            0.33439965121115195,
            0.31976009938302624,
            0.30280452144821896,
            0.2948086192556161,
            0.27088322393801
        ]
    ],
    "val_loss": 0.4222905194157199,
    "val_loss_curve": [
        [
            1.2137352644580683,
            1.0365871983031705,
            0.8388431782591833,
            0.675666287745515,
            0.5983654127953804,
            0.5410619415853122,
            0.5198522010078169,
            0.4981654180239325,
            0.4529579795182568,
            0.5056200635249484,
            0.4222905194157199,
            0.5305096181492283,
            0.45997707790707887,
            0.47886396671505005
        ],
        [
            1.1958701724875462,
            0.9915405111770107,
            0.8164613677622521,
            0.7106742266922781,
            0.6540169709757583,
            0.5881507033864929,
            0.5626530948362939,
            0.5399683010700631,
            0.5337351863719013,
            0.4974312176034875,
            0.5114650206053502,
            0.5199437501317222,
            0.45696913494333014,
            0.48877406269567064,
            0.5183852021518636,
            0.49290849204647214
        ],
        [
            1.1938649187349293,
            0.9706950661254256,
            0.8590129793506779,
            0.7412759988275293,
            0.711713018686804,
            0.6267268984285119,
            0.5741656600204232,
            0.6107745571699861,
            0.5610033059365129,
            0.5493262477270137,
            0.517887965559143,
            0.5135602804589762,
            0.5365727672429934,
            0.5550420014060116,
            0.5002137950736366,
            0.5026968168732646,
            0.5368347065395689,
            0.5325474646197607
        ],
        [
            1.1908826060491065,
            0.9567738069246893,
            0.801354707512137,
            0.7080782790706582,
            0.6268049282570408,
            0.5893292608734679,
            0.6186529148421059,
            0.528805755538075,
            0.49290419145397946,
            0.48596890751680694,
            0.49751190703413256,
            0.4692702032880832,
            0.4832354249203042,
            0.4557812887256684,
            0.46926708899642505,
            0.49296772916329235,
            0.4530443020726312,
            0.43145691641057804,
            0.42823345513937816,
            0.5220339884088464,
            0.44538571347469746,
            0.4311019761698346
        ],
        [
            1.240102083715674,
            1.0167641664204532,
            0.8734493639371167,
            0.7456820717413132,
            0.6954651687243213,
            0.6656094994651128,
            0.620074818599714,
            0.6210129460039204,
            0.5602437779307365,
            0.5365877178025572,
            0.534419532125331,
            0.5599181821365675,
            0.5024238677874003,
            0.6177874196780054,
            0.5123243597017167,
            0.5295216895588865
        ]
    ],
    "cf_report": {
        "0": {
            "precision": 0.8658536585365854,
            "recall": 0.9342105263157896,
            "f1-score": 0.8987341772151899,
            "support": 76.0
        },
        "1": {
            "precision": 0.7777777777777778,
            "recall": 0.7777777777777778,
            "f1-score": 0.7777777777777778,
            "support": 63.0
        },
        "2": {
            "precision": 0.8375,
            "recall": 0.788235294117647,
            "f1-score": 0.8121212121212121,
            "support": 85.0
        },
        "3": {
            "precision": 0.8181818181818181,
            "recall": 0.8059701492537312,
            "f1-score": 0.8120300751879699,
            "support": 67.0
        },
        "accuracy": 0.8281786941580757,
        "macro avg": {
            "precision": 0.8248283136240454,
            "recall": 0.8265484368662366,
            "f1-score": 0.8251658105755375,
            "support": 291.0
        },
        "weighted avg": {
            "precision": 0.8275276971373275,
            "recall": 0.8281786941580757,
            "f1-score": 0.8272856203994895,
            "support": 291.0
        }
    },
    "hloss": 0.1718213058419244,
    "training_time_epoch": [
        35.315554270377525,
        34.863502184549965,
        34.549678550047034,
        34.17615029925392,
        34.83416213989258
    ],
    "mean_training_time_epoch": 34.74780948882421,