{
    "model_name": "HelBERT-uncased-fs-16",
    "train_loss": 0.1640787431554625,
    "train_loss_curve": [
        [
            1.0178573449777666,
            0.6867302614394749,
            0.536734433252817,
            0.44189047968128226,
            0.38711911408126215,
            0.3432977539791821,
            0.3000619810392262,
            0.2740752240855064,
            0.2666606045233969,
            0.23914058011778083,
            0.21398232497850697,
            0.20411649807388937,
            0.18758654181677392,
            0.1722934897600077,
            0.16837796655678838
        ],
        [
            1.0220575370938978,
            0.6709892512864877,
            0.5301832158431828,
            0.4360183793093974,
            0.37727670887459036,
            0.33143672172119404,
            0.2945066335481574,
            0.26383059782794216,
            0.2456470284737194,
            0.22655222262364647,
            0.20638035149335268,
            0.18694210795644306,
            0.17662201456292576,
            0.15371085498122952,
            0.15033401887337286,
            0.1332718656375508
        ],
        [
            1.0498568713665009,
            0.6776969529618727,
            0.5356581717703457,
            0.4557221670391334,
            0.39257474500625,
            0.34476559053645167,
            0.31257270228783557,
            0.28210320629649493,
            0.2549709230324114,
            0.23616147368262896,
            0.21123615695679315,
            0.20402511554415487,
            0.18170688601230298
        ],
        [
            1.0385304362138854,
            0.6781008916201993,
            0.5319900963559886,
            0.44326037921394423,
            0.3800748832541231,
            0.33764165894794235,
            0.3013309460398785,
            0.2831299213984128,
            0.2535562377573191,
            0.22888112097987295,
            0.21698621205254415,
            0.2022162192130122,
            0.18285338604476228,
            0.16936556211137974,
            0.16598585515095912,
            0.15295445423476153
        ],
        [
            1.0344383539370845,
            0.6753969793077385,
            0.5293684568926343,
            0.4530652273080756,
            0.40735911459783875,
            0.3545335456424297,
            0.3260599730131608,
            0.2917489290529009,
            0.2738534880728052,
            0.25097349463422375,
            0.23126110963460283,
            0.20859216949706635,
            0.20566895952699576,
            0.18604917552161127,
            0.17760434405139439,
            0.16527516108330462,
            0.14872490150405737,
            0.14337432932431773,
            0.13615128567056603
        ]
    ],
    "val_loss": 0.3503441578234224,
    "val_loss_curve": [
        [
            0.838614836544077,
            0.6188549759371258,
            0.5195923434030787,
            0.45682546285320524,
            0.41229197911256665,
            0.420671455005062,
            0.3833153592683723,
            0.36957451435693794,
            0.3658526872336934,
            0.35656406675578556,
            0.378221771266381,
            0.33914788741896923,
            0.35985286607380923,
            0.37232291750570706,
            0.3494151404924978
        ],
        [
            0.7753801387604152,
            0.6081236343935271,
            0.5340077334962715,
            0.4695709539908115,
            0.4435865397034126,
            0.40877909230712417,
            0.4088879965559066,
            0.41445696611549254,
            0.39953892570963806,
            0.39056642736943664,
            0.4142690447690052,
            0.4336124665395435,
            0.3659796665355163,
            0.40606863082660727,
            0.3831256582819482,
            0.4057276412925169
        ],
        [
            0.800328839048047,
            0.6139221762385324,
            0.5253303364337047,
            0.4621715911916483,
            0.4341200313348079,
            0.40204414241364067,
            0.40122310855539045,
            0.38634162422304397,
            0.3743365606005852,
            0.35864151581234044,
            0.3802036786055906,
            0.38290227775431507,
            0.37878597678538306
        ],
        [
            0.7641746324495734,
            0.5704190465055894,
            0.48864556504326445,
            0.4304836700348375,
            0.4045184422458444,
            0.3819494686724844,
            0.36537468049535965,
            0.36147333568432066,
            0.35724514242366096,
            0.3797607075718937,
            0.34507417473419805,
            0.3818093480642398,
            0.33349550539349143,
            0.3499162917887078,
            0.33971940066282436,
            0.35584646810028947
        ],
        [
            0.7741180012159259,
            0.5808169179569895,
            0.49427713037720905,
            0.42552099523143233,
            0.38531024339739406,
            0.35043641044018425,
            0.32928989670961817,
            0.3145577550134578,
            0.3110231961358652,
            0.2909181155612536,
            0.28711004057359474,
            0.27561278126602906,
            0.322558905929327,
            0.2833417690594063,
            0.2708837624430378,
            0.263195926852298,
            0.2801744230918447,
            0.2987292808051891,
            0.2777040099276874
        ]
    ],
    "cf_report": {
        "0": {
            "precision": 0.9673930293597021,
            "recall": 0.9569230769230769,
            "f1-score": 0.9621200967504467,
            "support": 130.0
        },
        "1": {
            "precision": 0.8380400047342882,
            "recall": 0.7945945945945947,
            "f1-score": 0.8156807511737089,
            "support": 74.0
        },
        "2": {
            "precision": 0.8335037891125442,
            "recall": 0.884658064516129,
            "f1-score": 0.8581084322018636,
            "support": 124.8
        },
        "3": {
            "precision": 0.8999788940481215,
            "recall": 0.8747474747474747,
            "f1-score": 0.886506661137318,
            "support": 99.0
        },
        "accuracy": 0.8887434612269912,
        "macro avg": {
            "precision": 0.884728929313664,
            "recall": 0.877730802695319,
            "f1-score": 0.8806039853158343,
            "support": 427.8
        },
        "weighted avg": {
            "precision": 0.890348368967329,
            "recall": 0.8887434612269912,
            "f1-score": 0.8889421210243169,
            "support": 427.8
        }
    },
    "hloss": 0.11125653877300883,
    "training_time_epoch": [
        54.04323661327362,
        53.71440556844075,
        79.80319788058598,
        110.68937605222067,
        135.55458418528238
    ],
    "mean_training_time_epoch": 86.7609600599607,