{
    "model_name": "mBERT",
    "train_loss": 0.5024753993050647,
    "train_loss_curve": [
        [
            1.3611982053088159,
            1.2760714642780344,
            1.1859071187137329,
            1.067598295068413,
            0.9778679925756356,
            0.8943619824357049,
            0.8329293533289146,
            0.7819228333091408,
            0.7320070831021902,
            0.7020873615831854,
            0.6571835342192978,
            0.6334330601380863,
            0.6080065508888349,
            0.5742249306406557,
            0.5564612044962411,
            0.5237229975433284,
            0.5068356663603144
        ],
        [
            1.3716183993005262,
            1.2770103445577459,
            1.1786096776064319,
            1.0812873217658079,
            0.9786316333562648,
            0.8869828732357812,
            0.8324774108391857,
            0.766784545328609,
            0.7345561984785643,
            0.6913982307941643,
            0.6443669698953219,
            0.6195250153797599,
            0.588147520532518,
            0.556963962096324,
            0.5513699356581747,
            0.5314658550334346,
            0.4953280704230377,
            0.4873502126341218,
            0.4553435880089134,
            0.4427086457520519,
            0.41984089467149627
        ],
        [
            1.3544940065682138,
            1.2666939156981267,
            1.1694615051099115,
            1.068270799118219,
            0.9671053254522409,
            0.8977006261086545,
            0.8251449445268952,
            0.7853506129887915,
            0.7312404007436484,
            0.6979456675267711,
            0.6651192402716765,
            0.6335340370120052,
            0.5901996982235884,
            0.5927551572700751,
            0.5466053453866149,
            0.5220299392196116,
            0.507078603998185,
            0.4863977035142712,
            0.4593732367266494,
            0.45464237841467064,
            0.4339251701217593,
            0.40719039293959786,
            0.4140825742004356,
            0.3837352426357798
        ],
        [
            1.3611429892864424,
            1.2674762442759222,
            1.1627048981148762,
            1.054018224227879,
            0.9658822005557031,
            0.8836477142838678,
            0.8319005767504374,
            0.7871648337935254,
            0.7390298800882196,
            0.7069875197517094,
            0.6662735362181958,
            0.6150787198768858,
            0.6007016384110009,
            0.5825942428174502,
            0.5456184791305017,
            0.5097391207244798,
            0.5003540896877801,
            0.47191050470105766,
            0.4543324303381222,
            0.4425807859479767,
            0.42264824198027656
        ],
        [
            1.3479225598659712,
            1.249608659662332,
            1.145233368955527,
            1.0407464315801143,
            0.9369194160417184,
            0.8670781769396103,
            0.8106152571200096,
            0.7625209605161267,
            0.7105857969815379,
            0.6738749541521482,
            0.6344591401440581,
            0.6001872263106284,
            0.5775081149696075,
            0.5470196614201945,
            0.5158306579409596
        ]
    ],
    "val_loss": 0.6906797838741785,
    "val_loss_curve": [
        [
            1.2922480285984197,
            1.236380982888888,
            1.1316288456524888,
            1.0568160994412148,
            0.9741631407443792,
            0.9307043446253424,
            0.8556329137454294,
            0.8399724797026752,
            0.8159450370154969,
            0.7802257466397874,
            0.7902225125325869,
            0.7360438286033395,
            0.7383743449024958,
            0.7002396261038846,
            0.7194219378575887,
            0.7025122334287591,
            0.7414807106738222
        ],
        [
            1.3248507209020117,
            1.2628844413038802,
            1.2102035839263707,
            1.1039068282467046,
            1.01503635350972,
            0.9481794060501334,
            0.8911343323041315,
            0.8735595680262944,
            0.836857771016147,
            0.8229165161921553,
            0.8403105950110579,
            0.7961514259446157,
            0.7925391111471881,
            0.9132487697348203,
            0.7754832021892071,
            0.8019914317825069,
            0.7967406437821585,
            0.7584401656911798,
            0.7889996570062964,
            0.7993340864267251,
            0.82506095077077
        ],
        [
            1.3299358348323875,
            1.2419169504348546,
            1.1579402162604135,
            1.0549751189473557,
            0.972023900241068,
            0.9226357344895193,
            0.8884595403932545,
            0.8639321857935762,
            0.8061470491428898,
            0.8071196889632368,
            0.7600121204167196,
            0.7538028222649065,
            0.7341744160815461,
            0.7142641404005763,
            0.728336289525032,
            0.7142263487593769,
            0.7343580779963976,
            0.7260610460214418,
            0.7131937731516688,
            0.6843065557210413,
            0.6782733077464038,
            0.6898255568150788,
            0.6833459761197844,
            0.6909255180252741
        ],
        [
            1.2891396055482838,
            1.2206996532335674,
            1.1148558634601227,
            1.0281791850312116,
            0.990237395240836,
            0.9581341286228128,
            0.9209659242466705,
            0.8518061999180545,
            0.8472733554774767,
            0.84183705118421,
            0.8086403838983954,
            0.8682526900649887,
            0.7997248684094377,
            0.8155696578323841,
            0.7717586468956242,
            0.7627144342620079,
            0.8005437751951283,
            0.7343660845127824,
            0.7516312330246788,
            0.7422164268281362,
            0.7843018680912991
        ],
        [
            1.2905229550518402,
            1.2120704887664482,
            1.1032970098599995,
            1.0106370714429307,
            0.9632078613320442,
            0.944259374109033,
            0.9242200975956982,
            0.8826211157114539,
            0.8840785460316971,
            0.856260920019999,
            0.8565987481238091,
            0.7911212396335928,
            0.7931048574104701,
            0.8694351711501814,
            0.8221273114011712
        ]
    ],
    "cf_report": {
        "0": {
            "precision": 0.8990798122065728,
            "recall": 0.8578947368421052,
            "f1-score": 0.8778483578862009,
            "support": 76.0
        },
        "1": {
            "precision": 0.6931677018633541,
            "recall": 0.6063492063492064,
            "f1-score": 0.6429882044560944,
            "support": 63.0
        },
        "2": {
            "precision": 0.6681773007354402,
            "recall": 0.7721008403361345,
            "f1-score": 0.7126383226557951,
            "support": 84.4
        },
        "3": {
            "precision": 0.7465768194070082,
            "recall": 0.7014925373134329,
            "f1-score": 0.7200486618004868,
            "support": 67.0
        },
        "accuracy": 0.742429197772248,
        "macro avg": {
            "precision": 0.7517504085530937,
            "recall": 0.7344593302102197,
            "f1-score": 0.7383808866996442,
            "support": 290.4
        },
        "weighted avg": {
            "precision": 0.7520475860169039,
            "recall": 0.742429197772248,
            "f1-score": 0.7424965311344094,
            "support": 290.4
        }
    },
    "hloss": 0.25757080222775214,