{
    "model_name": "LegalBERT-pt-sc",
    "train_loss": 0.3128500569202134,
    "train_loss_curve": [
        [
            1.3165572293845238,
            1.0948294294658805,
            0.8787367295768252,
            0.7367673950506649,
            0.644428443381262,
            0.5816180526544548,
            0.5256234295154151,
            0.4930076407607888,
            0.46381121628063243,
            0.43027014547760545,
            0.4043357352953391,
            0.3776554029652548,
            0.36829618776786777,
            0.33554880169965967,
            0.3260258111360249,
            0.29942657479766716,
            0.2838453036447734,
            0.2648838614865728
        ],
        [
            1.304975001877526,
            1.073015955920072,
            0.8734402346242335,
            0.7218341535002095,
            0.6422767163449546,
            0.5730323345749239,
            0.5353414114449442,
            0.4800969313996559,
            0.45834510814385726,
            0.4301580747275828,
            0.4016702177124642,
            0.3727473465924206,
            0.36497240912815704,
            0.34553158530786227,
            0.3331260061422779,
            0.31083209808160556,
            0.29972762274283826,
            0.2769738393755713,
            0.2609382065627532
        ],
        [
            1.3103802152925341,
            1.090402717750097,
            0.8866788325031189,
            0.7452055097035936,
            0.6408359150296634,
            0.5709308462915142,
            0.5245308078236596,
            0.481846942716755,
            0.44977003104242264,
            0.4272515923296873,
            0.4105160826132265,
            0.3835744103512813,
            0.3547788395376754,
            0.32712561320641503,
            0.31735531373199116,
            0.29253978485119914,
            0.2758859696884438,
            0.26688667142258066,
            0.23957695807826376,
            0.22464979915236383,
            0.22364994908340557
        ],
        [
            1.3004574421345163,
            1.0746408781849641,
            0.8759139798248756,
            0.7266239257100522,
            0.6362740270460594,
            0.576904638398349,
            0.5134095561360985,
            0.4854295397292554,
            0.4500301403227131,
            0.42471077206746205,
            0.40224875286989603,
            0.36886732106791537,
            0.355838109383878,
            0.32963694738947447
        ],
        [
            1.2820198249161447,
            1.0362799313060196,
            0.8577974548249719,
            0.732801331175152,
            0.6475070767949537,
            0.5852639476970299,
            0.5261871541027761,
            0.48357311620847465,
            0.45698913622045845,
            0.42184575687441017,
            0.39709503408457403,
            0.3690324536367892,
            0.3498750208489776,
            0.33447226413759273,
            0.3118294451315327
        ]
    ],
    "val_loss": 0.47236486670803535,
    "val_loss_curve": [
        [
            1.1941206512385851,
            0.9577225185420415,
            0.7851033541437697,
            0.6843070238828659,
            0.6687562399326938,
            0.5879814084874441,
            0.5729388604833655,
            0.5530017238008241,
            0.5658580244403996,
            0.5240565865262322,
            0.539818081315862,
            0.524109188977578,
            0.5021853006559692,
            0.5267241134448615,
            0.4941415243131453,
            0.5797709596840894,
            0.5356360734631754,
            0.5108830437115203
        ],
        [
            1.2029476647507655,
            0.9944611600000565,
            0.8471862169569486,
            0.76257981298721,
            0.7279853285991982,
            0.6522919655560631,
            0.6728348145644142,
            0.6023074686527252,
            0.5953496098008058,
            0.552381950596424,
            0.5992586117697088,
            0.5277648502322909,
            0.5997269857827932,
            0.5860447086495896,
            0.5217748002838088,
            0.5050474448665364,
            0.5205747248375252,
            0.5226463692722051,
            0.5358971977887088
        ],
        [
            1.188771463420293,
            0.9817284606907466,
            0.7938240929825665,
            0.6799810039364311,
            0.6105240703853843,
            0.5929176884971253,
            0.5798759966680448,
            0.5290452636880417,
            0.5930750733751753,
            0.5429806198465498,
            0.4821042233746346,
            0.4822898083557821,
            0.4812445017470889,
            0.4532831221410673,
            0.48079585421779386,
            0.49751360681265183,
            0.4524845774094128,
            0.44846432587157375,
            0.4816970938229806,
            0.4525964966120377,
            0.5145533231744058
        ],
        [
            1.1993144097393507,
            1.0310244139743179,
            0.8357089533381266,
            0.7176555210392769,
            0.7086447251782025,
            0.6437106615774435,
            0.6208943452124727,
            0.6107700176230849,
            0.6239741314457704,
            0.5650733026790701,
            0.5567307941462487,
            0.5730110996256085,
            0.5787872317412944,
            0.5662814553010546
        ],
        [
            1.172513481688826,
            0.948842175611078,
            0.8076338665942623,
            0.7401246581583807,
            0.6599497415431558,
            0.6078697798186785,
            0.6127873737722227,
            0.5660283743110421,
            0.5511582229439527,
            0.5555553115291955,
            0.5240401562354337,
            0.5091380048288058,
            0.5385264738220467,
            0.5117346127453732,
            0.5107887854467924
        ]
    ],
    "cf_report": {
        "0": {
            "precision": 0.9174477289113193,
            "recall": 0.8947368421052632,
            "f1-score": 0.9058636524196396,
            "support": 76.0
        },
        "1": {
            "precision": 0.684,
            "recall": 0.7619047619047619,
            "f1-score": 0.7197535090722356,
            "support": 63.0
        },
        "2": {
            "precision": 0.769957805907173,
            "recall": 0.7604201680672269,
            "f1-score": 0.7645083260297985,
            "support": 84.4
        },
        "3": {
            "precision": 0.9284933645589384,
            "recall": 0.8626865671641791,
            "f1-score": 0.8943269230769232,
            "support": 67.0
        },
        "accuracy": 0.819575779120749,
        "macro avg": {
            "precision": 0.8249747248443576,
            "recall": 0.8199370848103577,
            "f1-score": 0.8211131026496492,
            "support": 290.4
        },
        "weighted avg": {
            "precision": 0.8265045360402299,
            "recall": 0.819575779120749,
            "f1-score": 0.8217963132628731,
            "support": 290.4
        }
    },
    "hloss": 0.1804242208792511,
    "training_time_epoch": [
        35.47111487388611,
        35.32202027903663,
        35.13425327539444,
        36.11958292814401,
        35.88662884916578
    ],
    "mean_training_time_epoch": 35.586720041125396,