{
    "model_name": "mBERT",
    "train_loss": 0.328215336547207,
    "train_loss_curve": [
        [
            1.2751528624897805,
            1.0571641375389054,
            0.8778871325688942,
            0.762606591821831,
            0.6899886220937299,
            0.632563340364494,
            0.5887591239352162,
            0.5614037968775379,
            0.5227021684034545,
            0.49480296950787306,
            0.45748082725940464,
            0.43949300594732305,
            0.43035471648691553,
            0.39292564606903313,
            0.37976576518441474,
            0.3665383686093944,
            0.343460959421523,
            0.32909747485123647,
            0.30882859607684104,
            0.29032810187080405,
            0.2754259547088121,
            0.26379651361293044
        ],
        [
            1.2780515318997552,
            1.0707089977565212,
            0.8945610996022403,
            0.7775015957723154,
            0.6931998421063769,
            0.6405698520035665,
            0.6075098981784883,
            0.5587752750643886,
            0.5251285440645346,
            0.4953892059432708,
            0.47324195810567554
        ],
        [
            1.2861623967362341,
            1.085776827602743,
            0.8931588737346302,
            0.7764417051085245,
            0.6936574024365885,
            0.6404488550620937,
            0.595911895560327,
            0.548010252912259,
            0.5239559162199219,
            0.49538712025071696,
            0.47597763430170503,
            0.4410741585219784
        ],
        [
            1.2847422688642396,
            1.0769898163798814,
            0.9055963833337632,
            0.7728161549317503,
            0.6872520855123125,
            0.6426744269920843,
            0.592457366802634,
            0.5567721160407239,
            0.5318126605440662,
            0.4964907875885125,
            0.46754847124010046,
            0.4505875798760452,
            0.42908226510196507,
            0.40540631412241224,
            0.3876321942188612,
            0.3680277740208554,
            0.3564807654980779,
            0.3163904751798956,
            0.3125193666429564,
            0.2968321649997417,
            0.28423760529981806
        ],
        [
            1.2968163838453381,
            1.106402528063159,
            0.9289372865563241,
            0.8028334789326258,
            0.7190324332234319,
            0.6636210567552909,
            0.6097862254828215,
            0.566370675993091,
            0.535186623214422,
            0.5102686201718366,
            0.47976427525281906,
            0.4477761682540735,
            0.431197455535843,
            0.3978917912371178
        ]
    ],
    "val_loss": 0.55986099699251,
    "val_loss_curve": [
        [
            1.1902390668325336,
            1.0065885885296582,
            0.8745008842131802,
            0.7892375087069574,
            0.7338461945547121,
            0.7214073058322211,
            0.7042457477372384,
            0.674602006083337,
            0.6426286560213454,
            0.6142621233223755,
            0.7151865637121356,
            0.615619509576637,
            0.612881942469383,
            0.5983806548936066,
            0.5995875322216443,
            0.5936993626860257,
            0.5790732729152959,
            0.5766757476561328,
            0.5551547330638794,
            0.5651358691192119,
            0.606256803854534,
            0.5900394245634012
        ],
        [
            1.1721652735059507,
            0.9754608092464019,
            0.8515791355449462,
            0.7569831363230108,
            0.74385273129305,
            0.6901174260077075,
            0.7236546761243143,
            0.6298872992465986,
            0.6612858052983462,
            0.6311569223615611,
            0.6344717400862234
        ],
        [
            1.1742716587592508,
            0.997299694290785,
            0.8454091477895451,
            0.8267113890881851,
            0.7415423145361035,
            0.7102495728530617,
            0.692286389592652,
            0.6672703415225042,
            0.6418669744977884,
            0.6993844971130384,
            0.6504315936711625,
            0.6591737039961687
        ],
        [
            1.187880986761824,
            1.0016693857228645,
            0.861998770838586,
            0.8095805060083621,
            0.7357165741029187,
            0.7038503680552277,
            0.6930919171215217,
            0.6790470494845203,
            0.6648155656234126,
            0.6874489452098017,
            0.6508768601081917,
            0.6501780414483814,
            0.6201466981356389,
            0.659842983184156,
            0.6036887604952137,
            0.6090549072076645,
            0.5921053484291117,
            0.5910933726101626,
            0.5923255599391098,
            0.6195208866532161,
            0.6541912500511542
        ],
        [
            1.1697698140812811,
            0.9660887570581703,
            0.8167984491196748,
            0.7285001416490456,
            0.689390357966735,
            0.6237359918027281,
            0.5947507650147532,
            0.5876245718693065,
            0.5659200058222931,
            0.5883580099652025,
            0.5387615084857027,
            0.5773741038185414,
            0.5502400445255721,
            0.6020126482036626
        ]
    ],
    "cf_report": {
        "0": {
            "precision": 0.875177304964539,
            "recall": 0.9492307692307692,
            "f1-score": 0.9107011070110701,
            "support": 130.0
        },
        "1": {
            "precision": 0.7479967948717949,
            "recall": 0.7594594594594595,
            "f1-score": 0.7525553012967201,
            "support": 74.0
        },
        "2": {
            "precision": 0.8450892857142858,
            "recall": 0.7789161290322582,
            "f1-score": 0.8100060277275467,
            "support": 124.8
        },
        "3": {
            "precision": 0.7305110769905682,
            "recall": 0.711111111111111,
            "f1-score": 0.7206513693560326,
            "support": 99.0
        },
        "accuracy": 0.8115957889207468,
        "macro avg": {
            "precision": 0.799693615635297,
            "recall": 0.7996793672083995,
            "f1-score": 0.7984784513478423,
            "support": 427.8
        },
        "weighted avg": {
            "precision": 0.8109451209995825,
            "recall": 0.8115957889207468,
            "f1-score": 0.8099905843103441,
            "support": 427.8
        }
    },
    "hloss": 0.1884042110792532,
    "training_time_epoch": [
        52.92323505310785,
        55.48131546974182,
        55.07582423903725,
        53.062436044216156,
        54.33876068775471
    ],
    "mean_training_time_epoch": 54.17631429877156,