{
    "model_name": "HelBERT-base-uncased-scratch-30",
    "train_loss": 0.21540075830645233,
    "train_loss_curve": [
        [
            1.1673229193297503,
            0.7918562386010852,
            0.5829061540627034,
            0.4693447554975783,
            0.40382289919984815,
            0.3482945230528364,
            0.313787054075755,
            0.28316675280612486,
            0.2571301138970705,
            0.23055169543482049,
            0.20873372500901607
        ],
        [
            1.0988641174631977,
            0.7372288865637835,
            0.5557554603693572,
            0.4586401076848123,
            0.3949908608544583,
            0.34764309667560017,
            0.3076813055602747,
            0.28037696563373277,
            0.24996275064387471,
            0.2408535951274125,
            0.2136555763807966,
            0.19527008950630872,
            0.17842024516381724,
            0.16207589626141714,
            0.15277388171358394,
            0.14183217359965974
        ],
        [
            1.1192811646751155,
            0.7599754046613925,
            0.5882712820910405,
            0.47262341795471785,
            0.4041989349333622,
            0.3605843657001017,
            0.31870791715217284,
            0.29682073171824985,
            0.2656332908196061,
            0.24076641643002072,
            0.22764793249874193,
            0.20513893118743984,
            0.18965592017456037,
            0.18054036782601865,
            0.16599016099902758,
            0.1528364290275489,
            0.14806077553821015
        ],
        [
            1.1351859389900048,
            0.7611432046603377,
            0.5660685350439537,
            0.46703088865833026,
            0.41052678418476307,
            0.35634926680875856,
            0.3194385454119575,
            0.2878049986815585,
            0.2655271669397148,
            0.23843552471926244,
            0.22527137993199525,
            0.2077596286065859,
            0.18472515545169624,
            0.17221634076836423,
            0.15798200045496869
        ],
        [
            1.1266649916907336,
            0.7573726280618494,
            0.5712337772422862,
            0.4551919337675393,
            0.3931145995951075,
            0.3517361382200931,
            0.3191542526691821,
            0.28611994056884094,
            0.25613738756918425,
            0.2419893153351253,
            0.21865206247437136,
            0.20564809941717155,
            0.182201966892484
        ]
    ],
    "val_loss": 0.35366773219761727,
    "val_loss_curve": [
        [
            0.9633063977566835,
            0.712875134894781,
            0.5490322207039762,
            0.47996720372237894,
            0.44962093348954324,
            0.4216540262068265,
            0.4117778258781149,
            0.3991698459156345,
            0.41885775027396244,
            0.43492710424389114,
            0.4120364814961904
        ],
        [
            0.8752032607515282,
            0.6474698733921364,
            0.5433751770129828,
            0.5188693367989263,
            0.45905596127507287,
            0.43392734252194937,
            0.44044953125537695,
            0.39791992876817966,
            0.41212288793350493,
            0.3856843686314456,
            0.41371668645868376,
            0.387324300744771,
            0.3793943787176406,
            0.3905949286058998,
            0.4092687179381245,
            0.4260250225175764
        ],
        [
            0.8759058616428732,
            0.6378532599344432,
            0.5283797313328659,
            0.4596587418465414,
            0.4179251097734565,
            0.37963132911892694,
            0.44527566519992373,
            0.3644164228968531,
            0.38922578169502947,
            0.37060114460187815,
            0.3417136286968522,
            0.3299248121182704,
            0.3374396171322893,
            0.3239060243108597,
            0.3684692513785177,
            0.3347601779371013,
            0.3598578914936858
        ],
        [
            0.9090961192812875,
            0.6560578920016779,
            0.53365851959614,
            0.4758582507199216,
            0.44872077747692013,
            0.41062296218473776,
            0.3865906382588861,
            0.41860413157041665,
            0.33767519602290935,
            0.38573921516224324,
            0.3438190977158739,
            0.3243914670898431,
            0.3378246075639101,
            0.3629995794535971,
            0.3346886137744116
        ],
        [
            0.8758963819976165,
            0.6172951475203594,
            0.491446561554325,
            0.4376376510954627,
            0.394836451527532,
            0.3842434868843199,
            0.3682833775251268,
            0.3750482192306527,
            0.3387484140258944,
            0.3337552230783399,
            0.3648124496369823,
            0.3461587088635174,
            0.34075100383956297
        ]
    ],
    "cf_report": {
        "0": {
            "precision": 0.932034067517716,
            "recall": 0.9646153846153845,
            "f1-score": 0.9478395966571777,
            "support": 130.0
        },
        "1": {
            "precision": 0.7997047389855607,
            "recall": 0.8054054054054054,
            "f1-score": 0.8022915308629595,
            "support": 74.0
        },
        "2": {
            "precision": 0.882536411694897,
            "recall": 0.8704000000000001,
            "f1-score": 0.8760855185447675,
            "support": 125.0
        },
        "3": {
            "precision": 0.8909917675084665,
            "recall": 0.8577819006390435,
            "f1-score": 0.8739982632966015,
            "support": 98.4
        },
        "accuracy": 0.8848957079384535,
        "macro avg": {
            "precision": 0.8763167464266601,
            "recall": 0.8745506726649583,
            "f1-score": 0.8750537273403767,
            "support": 427.4
        },
        "weighted avg": {
            "precision": 0.8851740308226205,
            "recall": 0.8848957079384535,
            "f1-score": 0.8846406706208605,
            "support": 427.4
        }
    },
    "hloss": 0.11510429206154653,
    "training_time_epoch": [
        114.32094068527222,
        110.71043486595154,
        141.02158181369305,
        116.32046835763114,
        88.23517767588298
    ],
    "mean_training_time_epoch": 114.12172067968618,