{
    "model_name": "HelBERT-uncased-fs-12",
    "train_loss": 0.1646475651904192,
    "train_loss_curve": [
        [
            0.9651076500521643,
            0.6052116228911643,
            0.4670307962833164,
            0.3777238165820453,
            0.31022963181103225,
            0.2716577416198833,
            0.2437374472300409,
            0.21882377160119032,
            0.1954691395006865,
            0.18228793837291637,
            0.15694714679761362,
            0.1443417329731763,
            0.1385189768330305,
            0.12433050050375105
        ],
        [
            0.9798092766899928,
            0.6093966948808492,
            0.4579067582516957,
            0.37443137036584245,
            0.32364072920003834,
            0.27606757165794477,
            0.25035079758370593,
            0.21235849843121124,
            0.19491927134565068,
            0.1753487074334244,
            0.15625057309902943,
            0.14022507845308788,
            0.13295999022932922
        ],
        [
            1.0112065101895378,
            0.618256848270648,
            0.4791100661000498,
            0.3862612621475742,
            0.3243630811371884,
            0.28522451992242415,
            0.25536801486393595,
            0.22813243625433158,
            0.2004102137669808,
            0.18143683363885887,
            0.1669825695821728,
            0.14708885092399232,
            0.14056210240749556,
            0.12152648866464924,
            0.11819408473827459
        ],
        [
            0.9742679112007685,
            0.5869613516832066,
            0.44584528497794523,
            0.3678921816139438,
            0.3083806080138746,
            0.268648086957825,
            0.23939443455800136,
            0.2123939766348383,
            0.19404453953954381,
            0.17748324774373236,
            0.16014653209827526,
            0.1442072563646927,
            0.13680269998984051,
            0.11943001339237083
        ],
        [
            0.9785328753571086,
            0.6113668614215104,
            0.46443745096988764,
            0.3850418718109586,
            0.326003125642435,
            0.28150566929742415,
            0.24941563395953031,
            0.21689278718571517,
            0.20086116237330867,
            0.17719370596084708,
            0.16716484535674817,
            0.15351418325314123,
            0.13570230962816304
        ]
    ],
    "val_loss": 0.309137691509318,
    "val_loss_curve": [
        [
            0.7166427146190795,
            0.5438961293896504,
            0.4591624684910351,
            0.39979615800570106,
            0.3623874808430985,
            0.3987661336426771,
            0.334016422932602,
            0.3674369272079632,
            0.333792528076637,
            0.35662688160202005,
            0.32329074044006867,
            0.36955662016706786,
            0.3720911699401598,
            0.336872502539098
        ],
        [
            0.7157242069734591,
            0.5343606030202914,
            0.4542916150432881,
            0.4090456148592111,
            0.3727755175955663,
            0.35682486311019024,
            0.3199107168812444,
            0.3407395447160457,
            0.323179410166699,
            0.310094378549153,
            0.33371188304991956,
            0.32953671709129534,
            0.33943103461865787
        ],
        [
            0.7223724224300028,
            0.5485526298599266,
            0.455365718142173,
            0.41900442601573246,
            0.37585182012728996,
            0.357629952047055,
            0.34250249660565196,
            0.3301488602464305,
            0.3332659498675265,
            0.31512823431408815,
            0.32820469075291653,
            0.31048118646765804,
            0.31825150792687157,
            0.32817986695135065,
            0.3251462159172423
        ],
        [
            0.7209177930778432,
            0.5336366899520437,
            0.4484123720256525,
            0.39914129904218926,
            0.3736907882076279,
            0.3714246416603711,
            0.3575590466036,
            0.34708623284752543,
            0.3297007517218938,
            0.31861301380096474,
            0.31528402533094946,
            0.34152231054167287,
            0.3297746472417542,
            0.33387399996874556
        ],
        [
            0.7001806269182222,
            0.5153040568405223,
            0.4278392887839647,
            0.36172848008573055,
            0.33234699671461343,
            0.30291364167895274,
            0.2997390445491525,
            0.286563760618392,
            0.2876897271565884,
            0.2782559340045065,
            0.3025596409744505,
            0.2977246803217393,
            0.29189621871576654
        ]
    ],
    "cf_report": {
        "0": {
            "precision": 0.9519667640111269,
            "recall": 0.9615384615384617,
            "f1-score": 0.9563410109406775,
            "support": 130.0
        },
        "1": {
            "precision": 0.8771028321965229,
            "recall": 0.8081081081081083,
            "f1-score": 0.8400979921602378,
            "support": 74.0
        },
        "2": {
            "precision": 0.8636533264332126,
            "recall": 0.9070451612903225,
            "f1-score": 0.8842815068558771,
            "support": 124.8
        },
        "3": {
            "precision": 0.9074900568497011,
            "recall": 0.8863739435168008,
            "f1-score": 0.8965300401038491,
            "support": 98.6
        },
        "accuracy": 0.9017345531747247,
        "macro avg": {
            "precision": 0.9000532448726408,
            "recall": 0.8907664186134232,
            "f1-score": 0.8943126375151603,
            "support": 427.4
        },
        "weighted avg": {
            "precision": 0.9029404441380059,
            "recall": 0.9017345531747247,
            "f1-score": 0.9013745018399788,
            "support": 427.4
        }
    },
    "hloss": 0.09826544682527523,
    "training_time_epoch": [
        54.14526009559631,
        54.43077393372854,
        53.95126324040549,
        54.221333687122055,
        54.489150961240135
    ],
    "mean_training_time_epoch": 54.24755638361851,